run_id,agent_name,episode_count,total_score,rank_by_total_score,mean_score,median_score,score_std,mean_score_ci95_low,mean_score_ci95_high,total_round_steps,coins,mean_coins,min_coins_per_round,max_coins_per_round,zero_coin_round_count,zero_coin_round_rate,coins_per_100_steps,steps_per_coin,all_coins_count,all_coins_rate,mean_all_coins_completion_steps,max_steps_count,max_steps_rate,long_wait_loop_count,long_wait_loop_rate,long_ping_pong_loop_count,long_ping_pong_loop_rate,exploration_disabled,kills,mean_kills,suicides,suicide_rate,killed_by_opponent,killed_by_opponent_rate,crates,mean_crates,mean_bombs,zero_utility_bombs,zero_utility_bomb_rate,crates_per_bomb,zero_bomb_round_rate,bombs_resolved,bombs_survived,survived_bomb_rate,crates_per_survived_bomb,invalid_actions,invalid_action_rate,survival_rate,mean_survival_steps,exclusive_wins,exclusive_win_rate,tied_first,tied_first_rate,zero_score_ties,zero_score_tie_rate,act_count,act_mean_time,act_p95_time,act_max_time,act_timeout_count,act_skipped_count,up_action_count,up_action_rate,right_action_count,right_action_rate,down_action_count,down_action_rate,left_action_count,left_action_rate,wait_action_count,wait_action_rate_all_actions,bomb_action_count,bomb_action_rate,median_longest_wait_streak,min_longest_wait_streak,max_longest_wait_streak,safety_decisions,safety_interventions,safety_intervention_rate,safety_fallbacks,safety_fallback_rate,robust_safety_interventions,robust_to_v1_fallbacks,opponent_robust_interventions,opponent_to_v3_fallbacks,opponent_scenarios_evaluated,robust_guarantee_losses,robust_search_timeouts,robust_states_evaluated,v1_to_physical_fallbacks,avoidable_escape_collapses,navigation_decisions,coin_distance_comparable_count,coin_target_observation_count,coin_target_continuity_opportunity_count,wait_action_rate,immediate_reverse_rate,coin_distance_reducing_rate,coin_target_switch_rate,multiple_nearest_coin_rate,conditional_loop_count,conditional_loop_rate,avoidable_wait_count,wait_penalized_count,wait_exempt_current_danger_count,wait_exempt_next_danger_count,wait_exempt_no_reachable_coin_count,wait_exempt_no_safe_progress_move_count,unseen_q_states,q_decisions,unseen_q_state_rate
safety_stress_task2_4aa3812_s24100,double_dqn_continuous_v2_agent,1,8.0,1,8.0,8.0,0.0,,,400.0,8.0,8.0,8.0,8.0,0,0,2.0,50.0,0.0,0.0,,1.0,1.0,1.0,1.0,0.0,0.0,True,0.0,0.0,0.0,0.0,0.0,0.0,101.0,101.0,51.0,12.0,0.23529411764705882,1.9803921568627452,0,51.0,51.0,1.0,1.9803921568627452,0.0,0.0,1.0,400.0,1.0,1.0,0.0,0.0,0.0,0.0,400,0.004833588600158692,0.007502079010009766,0.010533809661865234,0,0,59,0.1475,52,0.13,66,0.165,56,0.14,116,0.29,51,0.1275,20,20,20,400,67,0.1675,0,0.0,0,0,0,0,1927,0,0,253708,0,0,400,60,60,52,0.29,0.005,0.65,0.038461538461538464,0.03333333333333333,0,0.0,4,4,0,2,104,6,0.0,0.0,
safety_stress_task2_4aa3812_s24101,double_dqn_continuous_v2_agent,1,9.0,1,9.0,9.0,0.0,,,400.0,9.0,9.0,9.0,9.0,0,0,2.25,44.44444444444444,1.0,1.0,400.0,1.0,1.0,1.0,1.0,0.0,0.0,True,0.0,0.0,0.0,0.0,0.0,0.0,114.0,114.0,43.0,5.0,0.11627906976744186,2.6511627906976742,0,43.0,43.0,1.0,2.6511627906976742,0.0,0.0,1.0,400.0,1.0,1.0,0.0,0.0,0.0,0.0,400,0.005122798085212707,0.0073108673095703125,0.008282184600830078,0,0,60,0.15,44,0.11,51,0.1275,46,0.115,156,0.39,43,0.1075,74,74,74,400,65,0.1625,0,0.0,0,0,0,0,1650,0,0,251948,0,0,400,76,76,67,0.39,0.005,0.6052631578947368,0.029850746268656716,0.0,0,0.0,7,7,0,0,140,9,0.0,0.0,
safety_stress_task2_4aa3812_s24102,double_dqn_continuous_v2_agent,1,6.0,1,6.0,6.0,0.0,,,400.0,6.0,6.0,6.0,6.0,0,0,1.5,66.66666666666667,0.0,0.0,,1.0,1.0,1.0,1.0,0.0,0.0,True,0.0,0.0,0.0,0.0,0.0,0.0,112.0,112.0,38.0,4.0,0.10526315789473684,2.9473684210526314,0,38.0,38.0,1.0,2.9473684210526314,0.0,0.0,1.0,400.0,1.0,1.0,0.0,0.0,0.0,0.0,400,0.0050291609764099125,0.0073909759521484375,0.008462905883789062,0,0,63,0.1575,61,0.1525,68,0.17,57,0.1425,113,0.2825,38,0.095,32,32,32,400,53,0.1325,0,0.0,0,0,0,0,1471,0,0,263714,0,0,400,41,41,35,0.2825,0.03,0.7317073170731707,0.0,0.0,0,0.0,3,3,0,2,107,1,0.0,0.0,
safety_stress_task2_4aa3812_s24103,double_dqn_continuous_v2_agent,1,8.0,1,8.0,8.0,0.0,,,400.0,8.0,8.0,8.0,8.0,0,0,2.0,50.0,0.0,0.0,,1.0,1.0,1.0,1.0,0.0,0.0,True,0.0,0.0,0.0,0.0,0.0,0.0,117.0,117.0,49.0,7.0,0.14285714285714285,2.3877551020408165,0,49.0,49.0,1.0,2.3877551020408165,0.0,0.0,1.0,400.0,1.0,1.0,0.0,0.0,0.0,0.0,400,0.004902209639549255,0.007004499435424805,0.007932901382446289,0,0,67,0.1675,60,0.15,54,0.135,50,0.125,120,0.3,49,0.1225,28,28,28,400,58,0.145,0,0.0,0,0,0,0,1897,0,0,260017,0,0,400,52,52,44,0.3,0.015,0.5961538461538461,0.0,0.0,0,0.0,6,6,0,0,108,6,0.0,0.0,
safety_stress_task2_4aa3812_s24104,double_dqn_continuous_v2_agent,1,9.0,1,9.0,9.0,0.0,,,400.0,9.0,9.0,9.0,9.0,0,0,2.25,44.44444444444444,1.0,1.0,400.0,1.0,1.0,0.0,0.0,0.0,0.0,True,0.0,0.0,0.0,0.0,0.0,0.0,109.0,109.0,51.0,16.0,0.3137254901960784,2.1372549019607843,0,51.0,51.0,1.0,2.1372549019607843,0.0,0.0,1.0,400.0,1.0,1.0,0.0,0.0,0.0,0.0,400,0.004813277721405029,0.006555318832397461,0.007485389709472656,0,0,73,0.1825,68,0.17,65,0.1625,55,0.1375,88,0.22,51,0.1275,2,2,2,400,68,0.17,0,0.0,0,0,0,0,2020,0,0,247283,0,0,400,65,65,56,0.22,0.0,0.676923076923077,0.017857142857142856,0.0,0,0.0,3,3,0,2,78,5,0.0,0.0,
safety_stress_task2_4aa3812_s24105,double_dqn_continuous_v2_agent,1,3.0,1,3.0,3.0,0.0,,,400.0,3.0,3.0,3.0,3.0,0,0,0.75,133.33333333333334,0.0,0.0,,1.0,1.0,0.0,0.0,0.0,0.0,True,0.0,0.0,0.0,0.0,0.0,0.0,87.0,87.0,47.0,15.0,0.3191489361702128,1.851063829787234,0,47.0,47.0,1.0,1.851063829787234,0.0,0.0,1.0,400.0,1.0,1.0,0.0,0.0,0.0,0.0,400,0.004674165248870849,0.006448984146118164,0.007316112518310547,0,0,78,0.195,42,0.105,91,0.2275,56,0.14,86,0.215,47,0.1175,2,2,2,400,66,0.165,0,0.0,0,0,0,0,1787,0,0,215364,0,0,400,25,25,22,0.215,0.0125,0.64,0.045454545454545456,0.0,0,0.0,1,1,0,1,81,3,0.0,0.0,
safety_stress_task2_4aa3812_s24106,double_dqn_continuous_v2_agent,1,8.0,1,8.0,8.0,0.0,,,400.0,8.0,8.0,8.0,8.0,0,0,2.0,50.0,0.0,0.0,,1.0,1.0,1.0,1.0,0.0,0.0,True,0.0,0.0,0.0,0.0,0.0,0.0,113.0,113.0,44.0,4.0,0.09090909090909091,2.5681818181818183,0,44.0,44.0,1.0,2.5681818181818183,0.0,0.0,1.0,400.0,1.0,1.0,0.0,0.0,0.0,0.0,400,0.005069969892501831,0.007493257522583008,0.00806570053100586,0,0,59,0.1475,55,0.1375,50,0.125,51,0.1275,141,0.3525,44,0.11,63,63,63,400,55,0.1375,0,0.0,0,0,0,0,1699,0,0,243699,0,0,400,54,54,46,0.3525,0.0025,0.7037037037037037,0.0,0.0,0,0.0,2,2,0,3,131,5,0.0,0.0,
safety_stress_task2_4aa3812_s24107,double_dqn_continuous_v2_agent,1,8.0,1,8.0,8.0,0.0,,,400.0,8.0,8.0,8.0,8.0,0,0,2.0,50.0,0.0,0.0,,1.0,1.0,1.0,1.0,0.0,0.0,True,0.0,0.0,0.0,0.0,0.0,0.0,95.0,95.0,41.0,8.0,0.1951219512195122,2.317073170731707,0,41.0,41.0,1.0,2.317073170731707,0.0,0.0,1.0,400.0,1.0,1.0,0.0,0.0,0.0,0.0,400,0.00501846969127655,0.0071446895599365234,0.00805974006652832,0,0,65,0.1625,39,0.0975,56,0.14,41,0.1025,158,0.395,41,0.1025,90,90,90,400,50,0.125,0,0.0,0,0,0,0,1577,0,0,252115,0,0,400,63,63,55,0.395,0.0075,0.6666666666666666,0.03636363636363636,0.015873015873015872,0,0.0,4,4,0,0,150,4,0.0,0.0,
safety_stress_task2_4aa3812_s24108,double_dqn_continuous_v2_agent,1,8.0,1,8.0,8.0,0.0,,,400.0,8.0,8.0,8.0,8.0,0,0,2.0,50.0,0.0,0.0,,1.0,1.0,0.0,0.0,0.0,0.0,True,0.0,0.0,0.0,0.0,0.0,0.0,101.0,101.0,52.0,21.0,0.40384615384615385,1.9423076923076923,0,51.0,51.0,1.0,1.9803921568627452,0.0,0.0,1.0,400.0,1.0,1.0,0.0,0.0,0.0,0.0,400,0.004806686043739319,0.006907463073730469,0.007638216018676758,0,0,75,0.1875,63,0.1575,65,0.1625,49,0.1225,96,0.24,52,0.13,3,3,3,400,65,0.1625,0,0.0,0,0,0,0,2081,0,0,261746,0,0,400,82,82,74,0.24,0.025,0.573170731707317,0.04054054054054054,0.08536585365853659,0,0.0,6,6,0,3,76,11,0.0,0.0,
safety_stress_task2_4aa3812_s24109,double_dqn_continuous_v2_agent,1,8.0,1,8.0,8.0,0.0,,,400.0,8.0,8.0,8.0,8.0,0,0,2.0,50.0,0.0,0.0,,1.0,1.0,1.0,1.0,0.0,0.0,True,0.0,0.0,0.0,0.0,0.0,0.0,112.0,112.0,48.0,7.0,0.14583333333333334,2.3333333333333335,0,48.0,48.0,1.0,2.3333333333333335,0.0,0.0,1.0,400.0,1.0,1.0,0.0,0.0,0.0,0.0,400,0.004858624339103699,0.007082462310791016,0.008374214172363281,0,0,61,0.1525,61,0.1525,50,0.125,49,0.1225,131,0.3275,48,0.12,29,29,29,400,56,0.14,0,0.0,0,0,0,0,1820,0,0,236168,0,0,400,92,92,84,0.3275,0.005,0.5434782608695652,0.023809523809523808,0.0,0,0.0,7,7,0,2,106,16,0.0,0.0,
safety_stress_task2_4aa3812_s24110,double_dqn_continuous_v2_agent,1,8.0,1,8.0,8.0,0.0,,,400.0,8.0,8.0,8.0,8.0,0,0,2.0,50.0,0.0,0.0,,1.0,1.0,0.0,0.0,0.0,0.0,True,0.0,0.0,0.0,0.0,0.0,0.0,103.0,103.0,46.0,14.0,0.30434782608695654,2.239130434782609,0,46.0,46.0,1.0,2.239130434782609,0.0,0.0,1.0,400.0,1.0,1.0,0.0,0.0,0.0,0.0,400,0.004784659147262573,0.006711006164550781,0.007501840591430664,0,0,72,0.18,61,0.1525,84,0.21,49,0.1225,88,0.22,46,0.115,3,3,3,400,56,0.14,0,0.0,0,0,0,0,1856,0,0,264119,0,0,400,70,70,62,0.22,0.015,0.6285714285714286,0.016129032258064516,0.0,0,0.0,4,4,0,8,67,9,0.0,0.0,
safety_stress_task2_4aa3812_s24111,double_dqn_continuous_v2_agent,1,6.0,1,6.0,6.0,0.0,,,400.0,6.0,6.0,6.0,6.0,0,0,1.5,66.66666666666667,0.0,0.0,,1.0,1.0,0.0,0.0,0.0,0.0,True,0.0,0.0,0.0,0.0,0.0,0.0,67.0,67.0,57.0,38.0,0.6666666666666666,1.1754385964912282,0,56.0,56.0,1.0,1.1964285714285714,0.0,0.0,1.0,400.0,1.0,1.0,0.0,0.0,0.0,0.0,400,0.004484382867813111,0.006062984466552734,0.006944894790649414,0,0,61,0.1525,65,0.1625,53,0.1325,51,0.1275,113,0.2825,57,0.1425,3,3,3,400,94,0.235,0,0.0,0,0,0,0,1828,0,0,213829,0,0,400,39,39,33,0.2825,0.005,0.717948717948718,0.0,0.0,0,0.0,1,1,0,0,108,4,0.0,0.0,
safety_stress_task2_4aa3812_s24112,double_dqn_continuous_v2_agent,1,8.0,1,8.0,8.0,0.0,,,400.0,8.0,8.0,8.0,8.0,0,0,2.0,50.0,0.0,0.0,,1.0,1.0,0.0,0.0,0.0,0.0,True,0.0,0.0,0.0,0.0,0.0,0.0,94.0,94.0,50.0,14.0,0.28,1.88,0,50.0,50.0,1.0,1.88,0.0,0.0,1.0,400.0,1.0,1.0,0.0,0.0,0.0,0.0,400,0.004641908407211304,0.00641942024230957,0.007936954498291016,0,0,66,0.165,53,0.1325,78,0.195,54,0.135,99,0.2475,50,0.125,3,3,3,400,70,0.175,0,0.0,0,0,0,0,1830,0,0,240879,0,0,400,62,62,54,0.2475,0.0025,0.6935483870967742,0.0,0.0,0,0.0,3,3,0,1,88,7,0.0,0.0,
safety_stress_task2_4aa3812_s24113,double_dqn_continuous_v2_agent,1,8.0,1,8.0,8.0,0.0,,,400.0,8.0,8.0,8.0,8.0,0,0,2.0,50.0,0.0,0.0,,1.0,1.0,0.0,0.0,0.0,0.0,True,0.0,0.0,0.0,0.0,0.0,0.0,113.0,113.0,53.0,11.0,0.20754716981132076,2.1320754716981134,0,53.0,53.0,1.0,2.1320754716981134,0.0,0.0,1.0,400.0,1.0,1.0,0.0,0.0,0.0,0.0,400,0.004640523791313172,0.006679534912109375,0.007943153381347656,0,0,61,0.1525,54,0.135,73,0.1825,66,0.165,93,0.2325,53,0.1325,3,3,3,400,82,0.205,0,0.0,0,0,0,0,2089,0,0,238188,0,0,400,74,74,66,0.2325,0.0125,0.7027027027027027,0.030303030303030304,0.06756756756756757,0,0.0,5,5,0,1,82,5,0.0,0.0,
safety_stress_task2_4aa3812_s24114,double_dqn_continuous_v2_agent,1,6.0,1,6.0,6.0,0.0,,,400.0,6.0,6.0,6.0,6.0,0,0,1.5,66.66666666666667,0.0,0.0,,1.0,1.0,0.0,0.0,0.0,0.0,True,0.0,0.0,0.0,0.0,0.0,0.0,96.0,96.0,52.0,23.0,0.4423076923076923,1.8461538461538463,0,51.0,51.0,1.0,1.8823529411764706,0.0,0.0,1.0,400.0,1.0,1.0,0.0,0.0,0.0,0.0,400,0.004822716116905212,0.006662130355834961,0.008059978485107422,0,0,67,0.1675,67,0.1675,62,0.155,53,0.1325,99,0.2475,52,0.13,2,2,2,400,80,0.2,0,0.0,0,0,0,0,2116,0,0,249754,0,0,400,52,52,46,0.2475,0.01,0.5576923076923077,0.043478260869565216,0.07692307692307693,0,0.0,9,9,0,3,80,7,0.0,0.0,
safety_stress_task2_4aa3812_s24115,double_dqn_continuous_v2_agent,1,8.0,1,8.0,8.0,0.0,,,400.0,8.0,8.0,8.0,8.0,0,0,2.0,50.0,0.0,0.0,,1.0,1.0,1.0,1.0,0.0,0.0,True,0.0,0.0,0.0,0.0,0.0,0.0,111.0,111.0,45.0,6.0,0.13333333333333333,2.466666666666667,0,45.0,45.0,1.0,2.466666666666667,0.0,0.0,1.0,400.0,1.0,1.0,0.0,0.0,0.0,0.0,400,0.004839646816253662,0.0075092315673828125,0.007984161376953125,0,0,61,0.1525,52,0.13,64,0.16,46,0.115,132,0.33,45,0.1125,50,50,50,400,59,0.1475,0,0.0,0,0,0,0,1636,0,0,255130,0,0,400,52,52,44,0.33,0.0125,0.7115384615384616,0.0,0.0,0,0.0,3,3,0,1,123,5,0.0,0.0,
safety_stress_task2_4aa3812_s24116,double_dqn_continuous_v2_agent,1,8.0,1,8.0,8.0,0.0,,,400.0,8.0,8.0,8.0,8.0,0,0,2.0,50.0,0.0,0.0,,1.0,1.0,0.0,0.0,0.0,0.0,True,0.0,0.0,0.0,0.0,0.0,0.0,93.0,93.0,52.0,21.0,0.40384615384615385,1.7884615384615385,0,52.0,52.0,1.0,1.7884615384615385,0.0,0.0,1.0,400.0,1.0,1.0,0.0,0.0,0.0,0.0,400,0.004757320284843445,0.006577253341674805,0.007906198501586914,0,0,72,0.18,64,0.16,66,0.165,51,0.1275,95,0.2375,52,0.13,3,3,3,400,67,0.1675,0,0.0,0,0,0,0,2090,0,0,267135,0,0,400,74,74,66,0.2375,0.0025,0.6081081081081081,0.015151515151515152,0.0,0,0.0,4,4,0,2,82,7,0.0,0.0,
safety_stress_task2_4aa3812_s24117,double_dqn_continuous_v2_agent,1,7.0,1,7.0,7.0,0.0,,,400.0,7.0,7.0,7.0,7.0,0,0,1.75,57.142857142857146,0.0,0.0,,1.0,1.0,0.0,0.0,0.0,0.0,True,0.0,0.0,0.0,0.0,0.0,0.0,102.0,102.0,48.0,12.0,0.25,2.125,0,48.0,48.0,1.0,2.125,0.0,0.0,1.0,400.0,1.0,1.0,0.0,0.0,0.0,0.0,400,0.004692043662071228,0.006500244140625,0.00788426399230957,0,0,67,0.1675,62,0.155,79,0.1975,62,0.155,82,0.205,48,0.12,3,3,3,400,76,0.19,0,0.0,0,0,0,0,1748,0,0,230591,0,0,400,45,45,38,0.205,0.0175,0.7111111111111111,0.0,0.0,0,0.0,2,2,0,0,75,5,0.0,0.0,
safety_stress_task2_4aa3812_s24118,double_dqn_continuous_v2_agent,1,7.0,1,7.0,7.0,0.0,,,400.0,7.0,7.0,7.0,7.0,0,0,1.75,57.142857142857146,0.0,0.0,,1.0,1.0,0.0,0.0,0.0,0.0,True,0.0,0.0,0.0,0.0,0.0,0.0,97.0,97.0,50.0,17.0,0.34,1.94,0,50.0,50.0,1.0,1.94,0.0,0.0,1.0,400.0,1.0,1.0,0.0,0.0,0.0,0.0,400,0.004743484258651734,0.0066089630126953125,0.007999420166015625,0,0,71,0.1775,63,0.1575,69,0.1725,53,0.1325,94,0.235,50,0.125,2,2,2,400,81,0.2025,0,0.0,0,0,0,0,1800,0,0,258101,0,0,400,48,48,41,0.235,0.0125,0.6458333333333334,0.024390243902439025,0.0,0,0.0,3,3,0,1,83,7,0.0,0.0,
safety_stress_task2_4aa3812_s24119,double_dqn_continuous_v2_agent,1,7.0,1,7.0,7.0,0.0,,,400.0,7.0,7.0,7.0,7.0,0,0,1.75,57.142857142857146,0.0,0.0,,1.0,1.0,0.0,0.0,1.0,1.0,True,0.0,0.0,0.0,0.0,0.0,0.0,98.0,98.0,43.0,7.0,0.16279069767441862,2.2790697674418605,0,43.0,43.0,1.0,2.2790697674418605,0.0,0.0,1.0,400.0,1.0,1.0,0.0,0.0,0.0,0.0,400,0.00487718403339386,0.007094860076904297,0.0076999664306640625,0,0,81,0.2025,57,0.1425,93,0.2325,45,0.1125,81,0.2025,43,0.1075,3,3,3,400,63,0.1575,0,0.0,0,0,0,0,1716,0,0,222389,0,0,400,56,56,49,0.2025,0.15,0.7142857142857143,0.0,0.0,0,0.0,5,5,0,2,70,4,0.0,0.0,
safety_stress_task2_4aa3812_s24120,double_dqn_continuous_v2_agent,1,8.0,1,8.0,8.0,0.0,,,400.0,8.0,8.0,8.0,8.0,0,0,2.0,50.0,0.0,0.0,,1.0,1.0,1.0,1.0,0.0,0.0,True,0.0,0.0,0.0,0.0,0.0,0.0,104.0,104.0,42.0,9.0,0.21428571428571427,2.4761904761904763,0,42.0,42.0,1.0,2.4761904761904763,0.0,0.0,1.0,400.0,1.0,1.0,0.0,0.0,0.0,0.0,400,0.004903773069381714,0.006700992584228516,0.008507251739501953,0,0,61,0.1525,56,0.14,67,0.1675,57,0.1425,117,0.2925,42,0.105,49,49,49,400,73,0.1825,0,0.0,0,0,0,0,1584,0,0,234928,0,0,400,54,54,46,0.2925,0.0125,0.7592592592592593,0.0,0.0,0,0.0,2,2,0,2,107,6,0.0,0.0,
safety_stress_task2_4aa3812_s24121,double_dqn_continuous_v2_agent,1,9.0,1,9.0,9.0,0.0,,,400.0,9.0,9.0,9.0,9.0,0,0,2.25,44.44444444444444,1.0,1.0,400.0,1.0,1.0,0.0,0.0,0.0,0.0,True,0.0,0.0,0.0,0.0,0.0,0.0,122.0,122.0,43.0,4.0,0.09302325581395349,2.8372093023255816,0,43.0,43.0,1.0,2.8372093023255816,0.0,0.0,1.0,400.0,1.0,1.0,0.0,0.0,0.0,0.0,400,0.00509226381778717,0.006886959075927734,0.00827646255493164,0,0,75,0.1875,52,0.13,70,0.175,52,0.13,108,0.27,43,0.1075,3,3,3,400,44,0.11,0,0.0,0,0,0,0,1688,0,0,267204,0,0,400,56,56,47,0.27,0.055,0.7321428571428571,0.0,0.0,0,0.0,4,4,0,2,99,3,0.0,0.0,
safety_stress_task2_4aa3812_s24122,double_dqn_continuous_v2_agent,1,6.0,1,6.0,6.0,0.0,,,400.0,6.0,6.0,6.0,6.0,0,0,1.5,66.66666666666667,0.0,0.0,,1.0,1.0,0.0,0.0,0.0,0.0,True,0.0,0.0,0.0,0.0,0.0,0.0,93.0,93.0,52.0,22.0,0.4230769230769231,1.7884615384615385,0,51.0,51.0,1.0,1.8235294117647058,0.0,0.0,1.0,400.0,1.0,1.0,0.0,0.0,0.0,0.0,400,0.004800829291343689,0.0066149234771728516,0.008080720901489258,0,0,61,0.1525,65,0.1625,70,0.175,51,0.1275,101,0.2525,52,0.13,2,2,2,400,86,0.215,0,0.0,0,0,0,0,1836,0,0,236962,0,0,400,70,70,63,0.2525,0.0025,0.5714285714285714,0.031746031746031744,0.0,0,0.0,5,5,0,2,84,10,0.0,0.0,
safety_stress_task2_4aa3812_s24123,double_dqn_continuous_v2_agent,1,7.0,1,7.0,7.0,0.0,,,400.0,7.0,7.0,7.0,7.0,0,0,1.75,57.142857142857146,0.0,0.0,,1.0,1.0,0.0,0.0,0.0,0.0,True,0.0,0.0,0.0,0.0,0.0,0.0,101.0,101.0,52.0,14.0,0.2692307692307692,1.9423076923076923,0,51.0,51.0,1.0,1.9803921568627452,0.0,0.0,1.0,400.0,1.0,1.0,0.0,0.0,0.0,0.0,400,0.004713576436042786,0.0065267086029052734,0.007744550704956055,0,0,73,0.1825,60,0.15,63,0.1575,46,0.115,106,0.265,52,0.13,3,3,3,400,92,0.23,0,0.0,0,0,0,0,1903,0,0,244178,0,0,400,49,49,42,0.265,0.005,0.6530612244897959,0.0,0.0,0,0.0,6,6,0,2,93,5,0.0,0.0,
safety_stress_task2_4aa3812_s24124,double_dqn_continuous_v2_agent,1,6.0,1,6.0,6.0,0.0,,,400.0,6.0,6.0,6.0,6.0,0,0,1.5,66.66666666666667,0.0,0.0,,1.0,1.0,0.0,0.0,0.0,0.0,True,0.0,0.0,0.0,0.0,0.0,0.0,88.0,88.0,44.0,17.0,0.38636363636363635,2.0,0,43.0,43.0,1.0,2.046511627906977,0.0,0.0,1.0,400.0,1.0,1.0,0.0,0.0,0.0,0.0,400,0.0047989004850387575,0.0061686038970947266,0.007355213165283203,0,0,103,0.2575,31,0.0775,103,0.2575,45,0.1125,74,0.185,44,0.11,3,3,3,400,49,0.1225,0,0.0,0,0,0,0,1485,0,0,223017,0,0,400,42,42,36,0.185,0.03,0.5952380952380952,0.027777777777777776,0.0,0,0.0,3,3,0,1,64,6,0.0,0.0,
safety_stress_task2_4aa3812_s24125,double_dqn_continuous_v2_agent,1,8.0,1,8.0,8.0,0.0,,,400.0,8.0,8.0,8.0,8.0,0,0,2.0,50.0,0.0,0.0,,1.0,1.0,0.0,0.0,0.0,0.0,True,0.0,0.0,0.0,0.0,0.0,0.0,102.0,102.0,50.0,12.0,0.24,2.04,0,50.0,50.0,1.0,2.04,0.0,0.0,1.0,400.0,1.0,1.0,0.0,0.0,0.0,0.0,400,0.004565495252609253,0.00621795654296875,0.0071675777435302734,0,0,71,0.1775,51,0.1275,71,0.1775,65,0.1625,92,0.23,50,0.125,3,3,3,400,74,0.185,0,0.0,0,0,0,0,1848,0,0,223607,0,0,400,53,53,45,0.23,0.005,0.6981132075471698,0.0,0.0,0,0.0,4,4,0,2,83,3,0.0,0.0,
safety_stress_task2_4aa3812_s24126,double_dqn_continuous_v2_agent,1,7.0,1,7.0,7.0,0.0,,,400.0,7.0,7.0,7.0,7.0,0,0,1.75,57.142857142857146,0.0,0.0,,1.0,1.0,0.0,0.0,0.0,0.0,True,0.0,0.0,0.0,0.0,0.0,0.0,97.0,97.0,47.0,16.0,0.3404255319148936,2.0638297872340425,0,47.0,47.0,1.0,2.0638297872340425,0.0,0.0,1.0,400.0,1.0,1.0,0.0,0.0,0.0,0.0,400,0.004774972200393677,0.0065267086029052734,0.008008241653442383,0,0,90,0.225,39,0.0975,103,0.2575,53,0.1325,68,0.17,47,0.1175,2,2,2,400,64,0.16,0,0.0,0,0,0,0,1845,0,0,226249,0,0,400,71,71,64,0.17,0.01,0.5774647887323944,0.015625,0.16901408450704225,0,0.0,7,7,0,0,54,7,0.0,0.0,
safety_stress_task2_4aa3812_s24127,double_dqn_continuous_v2_agent,1,9.0,1,9.0,9.0,0.0,,,400.0,9.0,9.0,9.0,9.0,0,0,2.25,44.44444444444444,1.0,1.0,400.0,1.0,1.0,0.0,0.0,0.0,0.0,True,0.0,0.0,0.0,0.0,0.0,0.0,120.0,120.0,50.0,7.0,0.14,2.4,0,49.0,49.0,1.0,2.4489795918367347,0.0,0.0,1.0,400.0,1.0,1.0,0.0,0.0,0.0,0.0,400,0.004859123826026917,0.00685572624206543,0.0076999664306640625,0,0,68,0.17,63,0.1575,76,0.19,59,0.1475,84,0.21,50,0.125,4,4,4,400,72,0.18,0,0.0,0,0,0,0,1896,0,0,237856,0,0,400,66,66,57,0.21,0.0025,0.6363636363636364,0.0,0.0,0,0.0,5,5,0,2,70,7,0.0,0.0,
safety_stress_task2_4aa3812_s24128,double_dqn_continuous_v2_agent,1,6.0,1,6.0,6.0,0.0,,,400.0,6.0,6.0,6.0,6.0,0,0,1.5,66.66666666666667,0.0,0.0,,1.0,1.0,0.0,0.0,0.0,0.0,True,0.0,0.0,0.0,0.0,0.0,0.0,107.0,107.0,49.0,12.0,0.24489795918367346,2.183673469387755,0,49.0,49.0,1.0,2.183673469387755,0.0,0.0,1.0,400.0,1.0,1.0,0.0,0.0,0.0,0.0,400,0.004501494169235229,0.006330251693725586,0.00704193115234375,0,0,67,0.1675,60,0.15,79,0.1975,47,0.1175,98,0.245,49,0.1225,3,3,3,400,68,0.17,0,0.0,0,0,0,0,1837,0,0,224501,0,0,400,30,30,24,0.245,0.0075,0.6333333333333333,0.0,0.0,0,0.0,3,3,0,2,88,5,0.0,0.0,
safety_stress_task2_4aa3812_s24129,double_dqn_continuous_v2_agent,1,6.0,1,6.0,6.0,0.0,,,400.0,6.0,6.0,6.0,6.0,0,0,1.5,66.66666666666667,0.0,0.0,,1.0,1.0,1.0,1.0,0.0,0.0,True,0.0,0.0,0.0,0.0,0.0,0.0,99.0,99.0,45.0,14.0,0.3111111111111111,2.2,0,45.0,45.0,1.0,2.2,0.0,0.0,1.0,400.0,1.0,1.0,0.0,0.0,0.0,0.0,400,0.00482609748840332,0.006898641586303711,0.0073778629302978516,0,0,61,0.1525,52,0.13,64,0.16,54,0.135,124,0.31,45,0.1125,37,37,37,400,76,0.19,0,0.0,0,0,0,0,1881,0,0,254385,0,0,400,43,43,37,0.31,0.005,0.6744186046511628,0.0,0.0,0,0.0,0,0,0,3,115,6,0.0,0.0,
safety_stress_task2_4aa3812_s24130,double_dqn_continuous_v2_agent,1,3.0,1,3.0,3.0,0.0,,,400.0,3.0,3.0,3.0,3.0,0,0,0.75,133.33333333333334,0.0,0.0,,1.0,1.0,1.0,1.0,0.0,0.0,True,0.0,0.0,0.0,0.0,0.0,0.0,91.0,91.0,39.0,6.0,0.15384615384615385,2.3333333333333335,0,39.0,39.0,1.0,2.3333333333333335,0.0,0.0,1.0,400.0,1.0,1.0,0.0,0.0,0.0,0.0,400,0.004921876192092896,0.006470680236816406,0.0075244903564453125,0,0,55,0.1375,37,0.0925,63,0.1575,46,0.115,160,0.4,39,0.0975,90,90,90,400,57,0.1425,0,0.0,0,0,0,0,1540,0,0,218936,0,0,400,16,16,13,0.4,0.005,0.75,0.0,0.0,0,0.0,0,0,0,2,156,2,0.0,0.0,
safety_stress_task2_4aa3812_s24131,double_dqn_continuous_v2_agent,1,7.0,1,7.0,7.0,0.0,,,400.0,7.0,7.0,7.0,7.0,0,0,1.75,57.142857142857146,0.0,0.0,,1.0,1.0,1.0,1.0,0.0,0.0,True,0.0,0.0,0.0,0.0,0.0,0.0,93.0,93.0,37.0,6.0,0.16216216216216217,2.5135135135135136,0,37.0,37.0,1.0,2.5135135135135136,0.0,0.0,1.0,400.0,1.0,1.0,0.0,0.0,0.0,0.0,400,0.005432416796684265,0.007610321044921875,0.008476018905639648,0,0,52,0.13,50,0.125,41,0.1025,40,0.1,180,0.45,37,0.0925,112,112,112,400,49,0.1225,0,0.0,0,0,0,0,1547,0,0,252606,0,0,400,53,53,46,0.45,0.0075,0.5660377358490566,0.0,0.0,0,0.0,6,6,0,2,167,5,0.0,0.0,
safety_stress_task2_4aa3812_s24132,double_dqn_continuous_v2_agent,1,9.0,1,9.0,9.0,0.0,,,400.0,9.0,9.0,9.0,9.0,0,0,2.25,44.44444444444444,1.0,1.0,400.0,1.0,1.0,1.0,1.0,0.0,0.0,True,0.0,0.0,0.0,0.0,0.0,0.0,118.0,118.0,47.0,7.0,0.14893617021276595,2.5106382978723403,0,47.0,47.0,1.0,2.5106382978723403,0.0,0.0,1.0,400.0,1.0,1.0,0.0,0.0,0.0,0.0,400,0.004913244843482972,0.007393360137939453,0.00828099250793457,0,0,71,0.1775,50,0.125,60,0.15,54,0.135,118,0.295,47,0.1175,34,34,34,400,68,0.17,0,0.0,0,0,0,0,1736,0,0,216061,0,0,400,58,58,49,0.295,0.005,0.6551724137931034,0.0,0.0,0,0.0,4,4,0,3,105,6,0.0,0.0,
safety_stress_task2_4aa3812_s24133,double_dqn_continuous_v2_agent,1,6.0,1,6.0,6.0,0.0,,,400.0,6.0,6.0,6.0,6.0,0,0,1.5,66.66666666666667,0.0,0.0,,1.0,1.0,0.0,0.0,0.0,0.0,True,0.0,0.0,0.0,0.0,0.0,0.0,76.0,76.0,52.0,23.0,0.4423076923076923,1.4615384615384615,0,52.0,52.0,1.0,1.4615384615384615,0.0,0.0,1.0,400.0,1.0,1.0,0.0,0.0,0.0,0.0,400,0.004538735747337342,0.006205081939697266,0.0072329044342041016,0,0,69,0.1725,64,0.16,55,0.1375,65,0.1625,95,0.2375,52,0.13,3,3,3,400,106,0.265,0,0.0,0,0,0,0,1997,0,0,207182,0,0,400,63,63,57,0.2375,0.015,0.5714285714285714,0.03508771929824561,0.07936507936507936,0,0.0,6,6,0,1,82,6,0.0,0.0,
safety_stress_task2_4aa3812_s24134,double_dqn_continuous_v2_agent,1,9.0,1,9.0,9.0,0.0,,,400.0,9.0,9.0,9.0,9.0,0,0,2.25,44.44444444444444,1.0,1.0,400.0,1.0,1.0,0.0,0.0,0.0,0.0,True,0.0,0.0,0.0,0.0,0.0,0.0,120.0,120.0,50.0,8.0,0.16,2.4,0,49.0,49.0,1.0,2.4489795918367347,0.0,0.0,1.0,400.0,1.0,1.0,0.0,0.0,0.0,0.0,400,0.005069334506988526,0.007467746734619141,0.009046077728271484,0,0,68,0.17,62,0.155,82,0.205,50,0.125,88,0.22,50,0.125,3,3,3,400,59,0.1475,0,0.0,0,0,0,0,1979,0,0,279056,0,0,400,65,65,56,0.22,0.01,0.6615384615384615,0.017857142857142856,0.0,0,0.0,6,6,0,3,75,4,0.0,0.0,
safety_stress_task2_4aa3812_s24135,double_dqn_continuous_v2_agent,1,7.0,1,7.0,7.0,0.0,,,400.0,7.0,7.0,7.0,7.0,0,0,1.75,57.142857142857146,0.0,0.0,,1.0,1.0,0.0,0.0,0.0,0.0,True,0.0,0.0,0.0,0.0,0.0,0.0,94.0,94.0,45.0,13.0,0.28888888888888886,2.088888888888889,0,45.0,45.0,1.0,2.088888888888889,0.0,0.0,1.0,400.0,1.0,1.0,0.0,0.0,0.0,0.0,400,0.004790604710578918,0.006579160690307617,0.008072853088378906,0,0,96,0.24,37,0.0925,94,0.235,51,0.1275,77,0.1925,45,0.1125,3,3,3,400,60,0.15,0,0.0,0,0,0,0,1607,0,0,219561,0,0,400,38,38,31,0.1925,0.0275,0.7105263157894737,0.0,0.0,0,0.0,2,2,0,3,67,5,0.0,0.0,
safety_stress_task2_4aa3812_s24136,double_dqn_continuous_v2_agent,1,7.0,1,7.0,7.0,0.0,,,400.0,7.0,7.0,7.0,7.0,0,0,1.75,57.142857142857146,0.0,0.0,,1.0,1.0,0.0,0.0,0.0,0.0,True,0.0,0.0,0.0,0.0,0.0,0.0,98.0,98.0,44.0,7.0,0.1590909090909091,2.227272727272727,0,44.0,44.0,1.0,2.227272727272727,0.0,0.0,1.0,400.0,1.0,1.0,0.0,0.0,0.0,0.0,400,0.004920336604118347,0.006980419158935547,0.007991552352905273,0,0,66,0.165,56,0.14,64,0.16,56,0.14,114,0.285,44,0.11,3,3,3,400,52,0.13,0,0.0,0,0,0,0,1792,0,0,242428,0,0,400,60,60,53,0.285,0.045,0.6166666666666667,0.05660377358490566,0.08333333333333333,0,0.0,6,6,0,2,99,7,0.0,0.0,
safety_stress_task2_4aa3812_s24137,double_dqn_continuous_v2_agent,1,5.0,1,5.0,5.0,0.0,,,400.0,5.0,5.0,5.0,5.0,0,0,1.25,80.0,0.0,0.0,,1.0,1.0,0.0,0.0,0.0,0.0,True,0.0,0.0,0.0,0.0,0.0,0.0,85.0,85.0,47.0,18.0,0.3829787234042553,1.8085106382978724,0,47.0,47.0,1.0,1.8085106382978724,0.0,0.0,1.0,400.0,1.0,1.0,0.0,0.0,0.0,0.0,400,0.00465086817741394,0.006314754486083984,0.009516477584838867,0,0,70,0.175,48,0.12,84,0.21,62,0.155,89,0.2225,47,0.1175,3,3,3,400,63,0.1575,0,0.0,0,0,0,0,1760,0,0,212854,0,0,400,45,45,40,0.2225,0.01,0.6222222222222222,0.0,0.0,0,0.0,3,3,0,1,82,3,0.0,0.0,
safety_stress_task2_4aa3812_s24138,double_dqn_continuous_v2_agent,1,9.0,1,9.0,9.0,0.0,,,400.0,9.0,9.0,9.0,9.0,0,0,2.25,44.44444444444444,1.0,1.0,400.0,1.0,1.0,0.0,0.0,0.0,0.0,True,0.0,0.0,0.0,0.0,0.0,0.0,121.0,121.0,49.0,7.0,0.14285714285714285,2.4693877551020407,0,49.0,49.0,1.0,2.4693877551020407,0.0,0.0,1.0,400.0,1.0,1.0,0.0,0.0,0.0,0.0,400,0.004901818037033081,0.006946563720703125,0.008433818817138672,0,0,77,0.1925,54,0.135,77,0.1925,57,0.1425,86,0.215,49,0.1225,2,2,2,400,72,0.18,0,0.0,0,0,0,0,1844,0,0,242940,0,0,400,53,53,45,0.215,0.01,0.6792452830188679,0.022222222222222223,0.11320754716981132,0,0.0,1,1,0,2,76,7,0.0,0.0,
safety_stress_task2_4aa3812_s24139,double_dqn_continuous_v2_agent,1,5.0,1,5.0,5.0,0.0,,,400.0,5.0,5.0,5.0,5.0,0,0,1.25,80.0,0.0,0.0,,1.0,1.0,0.0,0.0,0.0,0.0,True,0.0,0.0,0.0,0.0,0.0,0.0,85.0,85.0,50.0,21.0,0.42,1.7,0,50.0,50.0,1.0,1.7,0.0,0.0,1.0,400.0,1.0,1.0,0.0,0.0,0.0,0.0,400,0.004665196537971496,0.006548881530761719,0.0075380802154541016,0,0,77,0.1925,52,0.13,73,0.1825,53,0.1325,95,0.2375,50,0.125,3,3,3,400,85,0.2125,0,0.0,0,0,0,0,1969,0,0,236575,0,0,400,34,34,29,0.2375,0.0175,0.7352941176470589,0.0,0.0,0,0.0,1,1,0,0,91,3,0.0,0.0,
safety_stress_task2_4aa3812_s24140,double_dqn_continuous_v2_agent,1,9.0,1,9.0,9.0,0.0,,,400.0,9.0,9.0,9.0,9.0,0,0,2.25,44.44444444444444,1.0,1.0,400.0,1.0,1.0,0.0,0.0,0.0,0.0,True,0.0,0.0,0.0,0.0,0.0,0.0,124.0,124.0,52.0,8.0,0.15384615384615385,2.3846153846153846,0,51.0,51.0,1.0,2.4313725490196076,0.0,0.0,1.0,400.0,1.0,1.0,0.0,0.0,0.0,0.0,400,0.004834941625595093,0.006828784942626953,0.009533405303955078,0,0,62,0.155,64,0.16,75,0.1875,56,0.14,91,0.2275,52,0.13,3,3,3,400,57,0.1425,0,0.0,0,0,0,0,2082,0,0,270860,0,0,400,89,89,80,0.2275,0.015,0.6067415730337079,0.0125,0.0,0,0.0,6,6,0,0,79,6,0.0,0.0,
safety_stress_task2_4aa3812_s24141,double_dqn_continuous_v2_agent,1,7.0,1,7.0,7.0,0.0,,,400.0,7.0,7.0,7.0,7.0,0,0,1.75,57.142857142857146,0.0,0.0,,1.0,1.0,0.0,0.0,0.0,0.0,True,0.0,0.0,0.0,0.0,0.0,0.0,105.0,105.0,51.0,16.0,0.3137254901960784,2.0588235294117645,0,51.0,51.0,1.0,2.0588235294117645,0.0,0.0,1.0,400.0,1.0,1.0,0.0,0.0,0.0,0.0,400,0.004809893369674682,0.006943941116333008,0.008076190948486328,0,0,66,0.165,68,0.17,52,0.13,56,0.14,107,0.2675,51,0.1275,3,3,3,400,73,0.1825,0,0.0,0,0,0,0,1998,0,0,238244,0,0,400,120,120,113,0.2675,0.0125,0.4666666666666667,0.061946902654867256,0.0,0,0.0,15,15,0,2,70,20,0.0,0.0,
safety_stress_task2_4aa3812_s24142,double_dqn_continuous_v2_agent,1,8.0,1,8.0,8.0,0.0,,,400.0,8.0,8.0,8.0,8.0,0,0,2.0,50.0,0.0,0.0,,1.0,1.0,0.0,0.0,0.0,0.0,True,0.0,0.0,0.0,0.0,0.0,0.0,102.0,102.0,44.0,9.0,0.20454545454545456,2.3181818181818183,0,44.0,44.0,1.0,2.3181818181818183,0.0,0.0,1.0,400.0,1.0,1.0,0.0,0.0,0.0,0.0,400,0.0046492481231689455,0.006445884704589844,0.007709980010986328,0,0,86,0.215,41,0.1025,84,0.21,55,0.1375,90,0.225,44,0.11,3,3,3,400,61,0.1525,0,0.0,0,0,0,0,1600,0,0,225075,0,0,400,66,66,58,0.225,0.0225,0.6212121212121212,0.034482758620689655,0.030303030303030304,0,0.0,5,5,0,0,77,8,0.0,0.0,
safety_stress_task2_4aa3812_s24143,double_dqn_continuous_v2_agent,1,9.0,1,9.0,9.0,0.0,,,400.0,9.0,9.0,9.0,9.0,0,0,2.25,44.44444444444444,1.0,1.0,400.0,1.0,1.0,0.0,0.0,0.0,0.0,True,0.0,0.0,0.0,0.0,0.0,0.0,113.0,113.0,46.0,9.0,0.1956521739130435,2.4565217391304346,0,46.0,46.0,1.0,2.4565217391304346,0.0,0.0,1.0,400.0,1.0,1.0,0.0,0.0,0.0,0.0,400,0.004838922023773193,0.006311655044555664,0.008390665054321289,0,0,72,0.18,55,0.1375,66,0.165,55,0.1375,106,0.265,46,0.115,3,3,3,400,57,0.1425,0,0.0,0,0,0,0,1721,0,0,255968,0,0,400,64,64,55,0.265,0.045,0.65625,0.0,0.0,0,0.0,4,4,0,1,94,7,0.0,0.0,
safety_stress_task2_4aa3812_s24144,double_dqn_continuous_v2_agent,1,8.0,1,8.0,8.0,0.0,,,400.0,8.0,8.0,8.0,8.0,0,0,2.0,50.0,0.0,0.0,,1.0,1.0,1.0,1.0,0.0,0.0,True,0.0,0.0,0.0,0.0,0.0,0.0,118.0,118.0,48.0,7.0,0.14583333333333334,2.4583333333333335,0,48.0,48.0,1.0,2.4583333333333335,0.0,0.0,1.0,400.0,1.0,1.0,0.0,0.0,0.0,0.0,400,0.004905602931976318,0.007010459899902344,0.008745431900024414,0,0,72,0.18,45,0.1125,59,0.1475,55,0.1375,121,0.3025,48,0.12,39,39,39,400,74,0.185,0,0.0,0,0,0,0,1879,0,0,247680,0,0,400,62,62,54,0.3025,0.0,0.6451612903225806,0.018518518518518517,0.0,0,0.0,5,5,0,0,109,7,0.0,0.0,
safety_stress_task2_4aa3812_s24145,double_dqn_continuous_v2_agent,1,7.0,1,7.0,7.0,0.0,,,400.0,7.0,7.0,7.0,7.0,0,0,1.75,57.142857142857146,0.0,0.0,,1.0,1.0,1.0,1.0,0.0,0.0,True,0.0,0.0,0.0,0.0,0.0,0.0,96.0,96.0,45.0,11.0,0.24444444444444444,2.1333333333333333,0,45.0,45.0,1.0,2.1333333333333333,0.0,0.0,1.0,400.0,1.0,1.0,0.0,0.0,0.0,0.0,400,0.005003818869590759,0.00712275505065918,0.008349418640136719,0,0,61,0.1525,40,0.1,50,0.125,52,0.13,152,0.38,45,0.1125,59,59,59,400,67,0.1675,0,0.0,0,0,0,0,1975,0,0,228256,0,0,400,37,37,30,0.38,0.01,0.5945945945945946,0.0,0.0,0,0.0,4,4,0,4,139,5,0.0,0.0,
safety_stress_task2_4aa3812_s24146,double_dqn_continuous_v2_agent,1,8.0,1,8.0,8.0,0.0,,,400.0,8.0,8.0,8.0,8.0,0,0,2.0,50.0,0.0,0.0,,1.0,1.0,0.0,0.0,0.0,0.0,True,0.0,0.0,0.0,0.0,0.0,0.0,105.0,105.0,49.0,9.0,0.1836734693877551,2.142857142857143,0,49.0,49.0,1.0,2.142857142857143,0.0,0.0,1.0,400.0,1.0,1.0,0.0,0.0,0.0,0.0,400,0.004584445357322693,0.0061991214752197266,0.007673978805541992,0,0,75,0.1875,58,0.145,85,0.2125,65,0.1625,68,0.17,49,0.1225,3,3,3,400,92,0.23,0,0.0,0,0,0,0,1957,0,0,216924,0,0,400,73,73,65,0.17,0.01,0.6438356164383562,0.015384615384615385,0.0136986301369863,0,0.0,6,6,0,0,55,7,0.0,0.0,
safety_stress_task2_4aa3812_s24147,double_dqn_continuous_v2_agent,1,8.0,1,8.0,8.0,0.0,,,400.0,8.0,8.0,8.0,8.0,0,0,2.0,50.0,0.0,0.0,,1.0,1.0,0.0,0.0,0.0,0.0,True,0.0,0.0,0.0,0.0,0.0,0.0,83.0,83.0,46.0,14.0,0.30434782608695654,1.8043478260869565,0,46.0,46.0,1.0,1.8043478260869565,0.0,0.0,1.0,400.0,1.0,1.0,0.0,0.0,0.0,0.0,400,0.004677971005439758,0.006501436233520508,0.007706880569458008,0,0,84,0.21,40,0.1,83,0.2075,50,0.125,97,0.2425,46,0.115,3,3,3,400,75,0.1875,0,0.0,0,0,0,0,1816,0,0,234233,0,0,400,52,52,44,0.2425,0.03,0.7115384615384616,0.0,0.0,0,0.0,6,6,0,0,88,3,0.0,0.0,
safety_stress_task2_4aa3812_s24148,double_dqn_continuous_v2_agent,1,8.0,1,8.0,8.0,0.0,,,400.0,8.0,8.0,8.0,8.0,0,0,2.0,50.0,0.0,0.0,,1.0,1.0,1.0,1.0,0.0,0.0,True,0.0,0.0,0.0,0.0,0.0,0.0,98.0,98.0,41.0,6.0,0.14634146341463414,2.3902439024390243,0,41.0,41.0,1.0,2.3902439024390243,0.0,0.0,1.0,400.0,1.0,1.0,0.0,0.0,0.0,0.0,400,0.005121442675590515,0.007384777069091797,0.008893728256225586,0,0,57,0.1425,53,0.1325,62,0.155,43,0.1075,144,0.36,41,0.1025,68,68,68,400,53,0.1325,0,0.0,0,0,0,0,1575,0,0,235797,0,0,400,52,52,44,0.36,0.0075,0.6923076923076923,0.0,0.0,0,0.0,3,3,0,3,132,6,0.0,0.0,
safety_stress_task2_4aa3812_s24149,double_dqn_continuous_v2_agent,1,9.0,1,9.0,9.0,0.0,,,400.0,9.0,9.0,9.0,9.0,0,0,2.25,44.44444444444444,1.0,1.0,400.0,1.0,1.0,0.0,0.0,0.0,0.0,True,0.0,0.0,0.0,0.0,0.0,0.0,101.0,101.0,47.0,12.0,0.2553191489361702,2.148936170212766,0,47.0,47.0,1.0,2.148936170212766,0.0,0.0,1.0,400.0,1.0,1.0,0.0,0.0,0.0,0.0,400,0.004922377467155456,0.0067822933197021484,0.009337902069091797,0,0,73,0.1825,62,0.155,85,0.2125,48,0.12,85,0.2125,47,0.1175,3,3,3,400,74,0.185,0,0.0,0,0,0,0,1752,0,0,235154,0,0,400,49,49,40,0.2125,0.0125,0.673469387755102,0.0,0.10204081632653061,0,0.0,1,1,0,1,77,6,0.0,0.0,
safety_stress_task2_4aa3812_s24150,double_dqn_continuous_v2_agent,1,3.0,1,3.0,3.0,0.0,,,400.0,3.0,3.0,3.0,3.0,0,0,0.75,133.33333333333334,0.0,0.0,,1.0,1.0,0.0,0.0,0.0,0.0,True,0.0,0.0,0.0,0.0,0.0,0.0,81.0,81.0,40.0,12.0,0.3,2.025,0,40.0,40.0,1.0,2.025,0.0,0.0,1.0,400.0,1.0,1.0,0.0,0.0,0.0,0.0,400,0.004647119641304016,0.005906581878662109,0.006900310516357422,0,0,103,0.2575,38,0.095,112,0.28,38,0.095,69,0.1725,40,0.1,2,2,2,400,49,0.1225,0,0.0,0,0,0,0,1309,0,0,204008,0,0,400,15,15,12,0.1725,0.0175,0.7333333333333333,0.0,0.0,0,0.0,0,0,0,2,66,1,0.0,0.0,
safety_stress_task2_4aa3812_s24151,double_dqn_continuous_v2_agent,1,9.0,1,9.0,9.0,0.0,,,400.0,9.0,9.0,9.0,9.0,0,0,2.25,44.44444444444444,1.0,1.0,400.0,1.0,1.0,0.0,0.0,0.0,0.0,True,0.0,0.0,0.0,0.0,0.0,0.0,119.0,119.0,53.0,8.0,0.1509433962264151,2.2452830188679247,0,53.0,53.0,1.0,2.2452830188679247,0.0,0.0,1.0,400.0,1.0,1.0,0.0,0.0,0.0,0.0,400,0.004894515872001648,0.006812095642089844,0.008301258087158203,0,0,60,0.15,60,0.15,70,0.175,59,0.1475,98,0.245,53,0.1325,3,3,3,400,58,0.145,0,0.0,0,0,0,0,2161,0,0,272606,0,0,400,73,73,64,0.245,0.0075,0.684931506849315,0.0,0.0,0,0.0,4,4,0,3,84,7,0.0,0.0,
safety_stress_task2_4aa3812_s24152,double_dqn_continuous_v2_agent,1,9.0,1,9.0,9.0,0.0,,,400.0,9.0,9.0,9.0,9.0,0,0,2.25,44.44444444444444,1.0,1.0,400.0,1.0,1.0,0.0,0.0,0.0,0.0,True,0.0,0.0,0.0,0.0,0.0,0.0,121.0,121.0,54.0,16.0,0.2962962962962963,2.240740740740741,0,54.0,54.0,1.0,2.240740740740741,0.0,0.0,1.0,400.0,1.0,1.0,0.0,0.0,0.0,0.0,400,0.004780794978141784,0.006687164306640625,0.008580923080444336,0,0,61,0.1525,72,0.18,61,0.1525,62,0.155,90,0.225,54,0.135,3,3,3,400,66,0.165,0,0.0,0,0,0,0,2208,0,0,266772,0,0,400,80,80,71,0.225,0.0175,0.5625,0.014084507042253521,0.05,0,0.0,8,8,0,1,73,8,0.0,0.0,
safety_stress_task2_4aa3812_s24153,double_dqn_continuous_v2_agent,1,7.0,1,7.0,7.0,0.0,,,400.0,7.0,7.0,7.0,7.0,0,0,1.75,57.142857142857146,0.0,0.0,,1.0,1.0,1.0,1.0,0.0,0.0,True,0.0,0.0,0.0,0.0,0.0,0.0,89.0,89.0,44.0,13.0,0.29545454545454547,2.022727272727273,0,44.0,44.0,1.0,2.022727272727273,0.0,0.0,1.0,400.0,1.0,1.0,0.0,0.0,0.0,0.0,400,0.004993520975112915,0.007509946823120117,0.00911259651184082,0,0,73,0.1825,53,0.1325,80,0.2,41,0.1025,109,0.2725,44,0.11,27,27,27,400,57,0.1425,0,0.0,0,0,0,0,1732,0,0,238022,0,0,400,51,51,44,0.2725,0.0125,0.7058823529411765,0.0,0.0,0,0.0,2,2,0,3,98,6,0.0,0.0,
safety_stress_task2_4aa3812_s24154,double_dqn_continuous_v2_agent,1,8.0,1,8.0,8.0,0.0,,,400.0,8.0,8.0,8.0,8.0,0,0,2.0,50.0,0.0,0.0,,1.0,1.0,0.0,0.0,0.0,0.0,True,0.0,0.0,0.0,0.0,0.0,0.0,84.0,84.0,44.0,13.0,0.29545454545454547,1.9090909090909092,0,44.0,44.0,1.0,1.9090909090909092,0.0,0.0,1.0,400.0,1.0,1.0,0.0,0.0,0.0,0.0,400,0.004788950681686401,0.006179332733154297,0.00775909423828125,0,0,65,0.1625,70,0.175,78,0.195,70,0.175,73,0.1825,44,0.11,3,3,3,400,80,0.2,0,0.0,0,0,0,0,1469,0,0,224468,0,0,400,75,75,67,0.1825,0.02,0.6666666666666666,0.029850746268656716,0.0,0,0.0,3,3,0,1,63,6,0.0,0.0,
safety_stress_task2_4aa3812_s24155,double_dqn_continuous_v2_agent,1,7.0,1,7.0,7.0,0.0,,,400.0,7.0,7.0,7.0,7.0,0,0,1.75,57.142857142857146,0.0,0.0,,1.0,1.0,1.0,1.0,0.0,0.0,True,0.0,0.0,0.0,0.0,0.0,0.0,116.0,116.0,48.0,7.0,0.14583333333333334,2.4166666666666665,0,47.0,47.0,1.0,2.4680851063829787,0.0,0.0,1.0,400.0,1.0,1.0,0.0,0.0,0.0,0.0,400,0.004974383115768433,0.007268667221069336,0.008164644241333008,0,0,60,0.15,54,0.135,59,0.1475,62,0.155,117,0.2925,48,0.12,39,39,39,400,65,0.1625,0,0.0,0,0,0,0,1933,0,0,263899,0,0,400,63,63,55,0.2925,0.0025,0.6666666666666666,0.0,0.0,0,0.0,4,4,0,1,108,4,0.0,0.0,
safety_stress_task2_4aa3812_s24156,double_dqn_continuous_v2_agent,1,9.0,1,9.0,9.0,0.0,,,400.0,9.0,9.0,9.0,9.0,0,0,2.25,44.44444444444444,1.0,1.0,400.0,1.0,1.0,1.0,1.0,0.0,0.0,True,0.0,0.0,0.0,0.0,0.0,0.0,120.0,120.0,45.0,7.0,0.15555555555555556,2.6666666666666665,0,45.0,45.0,1.0,2.6666666666666665,0.0,0.0,1.0,400.0,1.0,1.0,0.0,0.0,0.0,0.0,400,0.00515617847442627,0.007105588912963867,0.008237361907958984,0,0,63,0.1575,53,0.1325,60,0.15,49,0.1225,130,0.325,45,0.1125,42,42,42,400,59,0.1475,0,0.0,0,0,0,0,1750,0,0,254997,0,0,400,111,111,102,0.325,0.005,0.5765765765765766,0.058823529411764705,0.0990990990990991,0,0.0,10,10,0,1,106,13,0.0,0.0,
safety_stress_task2_4aa3812_s24157,double_dqn_continuous_v2_agent,1,9.0,1,9.0,9.0,0.0,,,400.0,9.0,9.0,9.0,9.0,0,0,2.25,44.44444444444444,1.0,1.0,400.0,1.0,1.0,1.0,1.0,0.0,0.0,True,0.0,0.0,0.0,0.0,0.0,0.0,101.0,101.0,38.0,6.0,0.15789473684210525,2.6578947368421053,0,38.0,38.0,1.0,2.6578947368421053,0.0,0.0,1.0,400.0,1.0,1.0,0.0,0.0,0.0,0.0,400,0.004989874958992005,0.006837368011474609,0.00734257698059082,0,0,53,0.1325,55,0.1375,56,0.14,47,0.1175,151,0.3775,38,0.095,86,86,86,400,57,0.1425,0,0.0,0,0,0,0,1519,0,0,242005,0,0,400,59,59,50,0.3775,0.0075,0.6949152542372882,0.0,0.0,0,0.0,5,5,0,1,141,4,0.0,0.0,
safety_stress_task2_4aa3812_s24158,double_dqn_continuous_v2_agent,1,8.0,1,8.0,8.0,0.0,,,400.0,8.0,8.0,8.0,8.0,0,0,2.0,50.0,0.0,0.0,,1.0,1.0,1.0,1.0,0.0,0.0,True,0.0,0.0,0.0,0.0,0.0,0.0,110.0,110.0,42.0,11.0,0.2619047619047619,2.619047619047619,0,42.0,42.0,1.0,2.619047619047619,0.0,0.0,1.0,400.0,1.0,1.0,0.0,0.0,0.0,0.0,400,0.0056990253925323486,0.00782012939453125,0.15078043937683105,0,0,51,0.1275,49,0.1225,44,0.11,45,0.1125,169,0.4225,42,0.105,82,82,82,400,43,0.1075,0,0.0,0,0,0,0,1757,0,0,268866,0,0,400,101,101,93,0.4225,0.0025,0.5445544554455446,0.053763440860215055,0.039603960396039604,0,0.0,12,12,0,0,145,12,0.0,0.0,
safety_stress_task2_4aa3812_s24159,double_dqn_continuous_v2_agent,1,6.0,1,6.0,6.0,0.0,,,400.0,6.0,6.0,6.0,6.0,0,0,1.5,66.66666666666667,0.0,0.0,,1.0,1.0,0.0,0.0,0.0,0.0,True,0.0,0.0,0.0,0.0,0.0,0.0,102.0,102.0,50.0,12.0,0.24,2.04,0,49.0,49.0,1.0,2.0816326530612246,0.0,0.0,1.0,400.0,1.0,1.0,0.0,0.0,0.0,0.0,400,0.004766030311584473,0.006754398345947266,0.007764339447021484,0,0,70,0.175,46,0.115,84,0.21,47,0.1175,103,0.2575,50,0.125,3,3,3,400,63,0.1575,0,0.0,0,0,0,0,1867,0,0,225031,0,0,400,44,44,38,0.2575,0.0025,0.6818181818181818,0.0,0.0,0,0.0,2,2,0,2,95,4,0.0,0.0,
safety_stress_task2_4aa3812_s24160,double_dqn_continuous_v2_agent,1,7.0,1,7.0,7.0,0.0,,,400.0,7.0,7.0,7.0,7.0,0,0,1.75,57.142857142857146,0.0,0.0,,1.0,1.0,0.0,0.0,0.0,0.0,True,0.0,0.0,0.0,0.0,0.0,0.0,99.0,99.0,51.0,16.0,0.3137254901960784,1.9411764705882353,0,51.0,51.0,1.0,1.9411764705882353,0.0,0.0,1.0,400.0,1.0,1.0,0.0,0.0,0.0,0.0,400,0.004880638122558594,0.006702423095703125,0.0081329345703125,0,0,63,0.1575,62,0.155,75,0.1875,55,0.1375,94,0.235,51,0.1275,3,3,3,400,86,0.215,0,0.0,0,0,0,0,1958,0,0,249705,0,0,400,46,46,38,0.235,0.005,0.7391304347826086,0.0,0.0,0,0.0,1,1,0,1,85,7,0.0,0.0,
safety_stress_task2_4aa3812_s24161,double_dqn_continuous_v2_agent,1,8.0,1,8.0,8.0,0.0,,,400.0,8.0,8.0,8.0,8.0,0,0,2.0,50.0,0.0,0.0,,1.0,1.0,1.0,1.0,0.0,0.0,True,0.0,0.0,0.0,0.0,0.0,0.0,112.0,112.0,39.0,4.0,0.10256410256410256,2.871794871794872,0,39.0,39.0,1.0,2.871794871794872,0.0,0.0,1.0,400.0,1.0,1.0,0.0,0.0,0.0,0.0,400,0.005234907865524292,0.007433176040649414,0.008292913436889648,0,0,58,0.145,46,0.115,63,0.1575,44,0.11,150,0.375,39,0.0975,68,68,68,400,56,0.14,0,0.0,0,0,0,0,1571,0,0,240200,0,0,400,60,60,52,0.375,0.0,0.6833333333333333,0.0,0.0,0,0.0,6,6,0,3,135,6,0.0,0.0,
safety_stress_task2_4aa3812_s24162,double_dqn_continuous_v2_agent,1,8.0,1,8.0,8.0,0.0,,,400.0,8.0,8.0,8.0,8.0,0,0,2.0,50.0,0.0,0.0,,1.0,1.0,0.0,0.0,0.0,0.0,True,0.0,0.0,0.0,0.0,0.0,0.0,98.0,98.0,49.0,19.0,0.3877551020408163,2.0,0,48.0,48.0,1.0,2.0416666666666665,0.0,0.0,1.0,400.0,1.0,1.0,0.0,0.0,0.0,0.0,400,0.004904254674911499,0.006788969039916992,0.008479595184326172,0,0,60,0.15,65,0.1625,60,0.15,76,0.19,90,0.225,49,0.1225,3,3,3,400,84,0.21,0,0.0,0,0,0,0,1571,0,0,230963,0,0,400,98,98,90,0.225,0.015,0.6428571428571429,0.07777777777777778,0.061224489795918366,0,0.0,2,2,0,0,77,11,0.0,0.0,
safety_stress_task2_4aa3812_s24163,double_dqn_continuous_v2_agent,1,6.0,1,6.0,6.0,0.0,,,400.0,6.0,6.0,6.0,6.0,0,0,1.5,66.66666666666667,0.0,0.0,,1.0,1.0,0.0,0.0,0.0,0.0,True,0.0,0.0,0.0,0.0,0.0,0.0,98.0,98.0,46.0,18.0,0.391304347826087,2.130434782608696,0,45.0,45.0,1.0,2.1777777777777776,0.0,0.0,1.0,400.0,1.0,1.0,0.0,0.0,0.0,0.0,400,0.004786657094955444,0.0063555240631103516,0.007719516754150391,0,0,101,0.2525,31,0.0775,101,0.2525,45,0.1125,76,0.19,46,0.115,2,2,2,400,63,0.1575,0,0.0,0,0,0,0,1698,0,0,210537,0,0,400,42,42,36,0.19,0.0,0.6190476190476191,0.027777777777777776,0.0,0,0.0,4,4,0,2,64,6,0.0,0.0,
safety_stress_task2_4aa3812_s24164,double_dqn_continuous_v2_agent,1,8.0,1,8.0,8.0,0.0,,,400.0,8.0,8.0,8.0,8.0,0,0,2.0,50.0,0.0,0.0,,1.0,1.0,1.0,1.0,0.0,0.0,True,0.0,0.0,0.0,0.0,0.0,0.0,109.0,109.0,49.0,12.0,0.24489795918367346,2.2244897959183674,0,49.0,49.0,1.0,2.2244897959183674,0.0,0.0,1.0,400.0,1.0,1.0,0.0,0.0,0.0,0.0,400,0.004817678332328796,0.00688624382019043,0.009371519088745117,0,0,53,0.1325,67,0.1675,60,0.15,53,0.1325,118,0.295,49,0.1225,25,25,25,400,79,0.1975,0,0.0,0,0,0,0,1757,0,0,243912,0,0,400,52,52,44,0.295,0.02,0.7115384615384616,0.022727272727272728,0.0,0,0.0,2,2,0,5,106,5,0.0,0.0,
safety_stress_task2_4aa3812_s24165,double_dqn_continuous_v2_agent,1,6.0,1,6.0,6.0,0.0,,,400.0,6.0,6.0,6.0,6.0,0,0,1.5,66.66666666666667,0.0,0.0,,1.0,1.0,0.0,0.0,0.0,0.0,True,0.0,0.0,0.0,0.0,0.0,0.0,85.0,85.0,52.0,20.0,0.38461538461538464,1.6346153846153846,0,52.0,52.0,1.0,1.6346153846153846,0.0,0.0,1.0,400.0,1.0,1.0,0.0,0.0,0.0,0.0,400,0.004493278861045838,0.00620722770690918,0.006973743438720703,0,0,71,0.1775,49,0.1225,70,0.175,61,0.1525,97,0.2425,52,0.13,2,2,2,400,93,0.2325,0,0.0,0,0,0,0,1823,0,0,196341,0,0,400,44,44,38,0.2425,0.02,0.7045454545454546,0.0,0.0,0,0.0,2,2,0,2,90,3,0.0,0.0,
safety_stress_task2_4aa3812_s24166,double_dqn_continuous_v2_agent,1,8.0,1,8.0,8.0,0.0,,,400.0,8.0,8.0,8.0,8.0,0,0,2.0,50.0,0.0,0.0,,1.0,1.0,1.0,1.0,0.0,0.0,True,0.0,0.0,0.0,0.0,0.0,0.0,114.0,114.0,48.0,9.0,0.1875,2.375,0,48.0,48.0,1.0,2.375,0.0,0.0,1.0,400.0,1.0,1.0,0.0,0.0,0.0,0.0,400,0.004786840081214905,0.006394386291503906,0.008278131484985352,0,0,60,0.15,58,0.145,70,0.175,45,0.1125,119,0.2975,48,0.12,36,36,36,400,56,0.14,0,0.0,0,0,0,0,1963,0,0,270168,0,0,400,60,60,52,0.2975,0.0075,0.6666666666666666,0.019230769230769232,0.0,0,0.0,2,2,0,2,110,5,0.0,0.0,
safety_stress_task2_4aa3812_s24167,double_dqn_continuous_v2_agent,1,5.0,1,5.0,5.0,0.0,,,400.0,5.0,5.0,5.0,5.0,0,0,1.25,80.0,0.0,0.0,,1.0,1.0,0.0,0.0,0.0,0.0,True,0.0,0.0,0.0,0.0,0.0,0.0,86.0,86.0,52.0,20.0,0.38461538461538464,1.6538461538461537,0,51.0,51.0,1.0,1.6862745098039216,0.0,0.0,1.0,400.0,1.0,1.0,0.0,0.0,0.0,0.0,400,0.004856656789779663,0.0069849491119384766,0.008340597152709961,0,0,61,0.1525,65,0.1625,71,0.1775,53,0.1325,98,0.245,52,0.13,3,3,3,400,63,0.1575,0,0.0,0,0,0,0,1995,0,0,234884,0,0,400,54,54,48,0.245,0.0,0.5555555555555556,0.020833333333333332,0.0,0,0.0,4,4,0,3,86,5,0.0,0.0,
safety_stress_task2_4aa3812_s24168,double_dqn_continuous_v2_agent,1,8.0,1,8.0,8.0,0.0,,,400.0,8.0,8.0,8.0,8.0,0,0,2.0,50.0,0.0,0.0,,1.0,1.0,0.0,0.0,0.0,0.0,True,0.0,0.0,0.0,0.0,0.0,0.0,107.0,107.0,54.0,22.0,0.4074074074074074,1.9814814814814814,0,53.0,53.0,1.0,2.018867924528302,0.0,0.0,1.0,400.0,1.0,1.0,0.0,0.0,0.0,0.0,400,0.00461900532245636,0.006353616714477539,0.007863759994506836,0,0,63,0.1575,65,0.1625,54,0.135,51,0.1275,113,0.2825,54,0.135,3,3,3,400,77,0.1925,0,0.0,0,0,0,0,1931,0,0,218877,0,0,400,62,62,54,0.2825,0.0125,0.5967741935483871,0.018518518518518517,0.0,0,0.0,8,8,0,0,98,7,0.0,0.0,
safety_stress_task2_4aa3812_s24169,double_dqn_continuous_v2_agent,1,6.0,1,6.0,6.0,0.0,,,400.0,6.0,6.0,6.0,6.0,0,0,1.5,66.66666666666667,0.0,0.0,,1.0,1.0,0.0,0.0,0.0,0.0,True,0.0,0.0,0.0,0.0,0.0,0.0,84.0,84.0,52.0,21.0,0.40384615384615385,1.6153846153846154,0,51.0,51.0,1.0,1.6470588235294117,0.0,0.0,1.0,400.0,1.0,1.0,0.0,0.0,0.0,0.0,400,0.00499760627746582,0.006682395935058594,0.008939266204833984,0,0,66,0.165,67,0.1675,52,0.13,71,0.1775,92,0.23,52,0.13,2,2,2,400,93,0.2325,0,0.0,0,0,0,0,2043,0,0,252269,0,0,400,40,40,34,0.23,0.015,0.65,0.0,0.0,0,0.0,3,3,0,1,83,5,0.0,0.0,
safety_stress_task2_4aa3812_s24170,double_dqn_continuous_v2_agent,1,5.0,1,5.0,5.0,0.0,,,400.0,5.0,5.0,5.0,5.0,0,0,1.25,80.0,0.0,0.0,,1.0,1.0,1.0,1.0,0.0,0.0,True,0.0,0.0,0.0,0.0,0.0,0.0,86.0,86.0,35.0,8.0,0.22857142857142856,2.4571428571428573,0,35.0,35.0,1.0,2.4571428571428573,0.0,0.0,1.0,400.0,1.0,1.0,0.0,0.0,0.0,0.0,400,0.005637496709823608,0.007936239242553711,0.011969327926635742,0,0,51,0.1275,48,0.12,46,0.115,40,0.1,180,0.45,35,0.0875,110,110,110,400,47,0.1175,0,0.0,0,0,0,0,1427,0,0,240775,0,0,400,42,42,37,0.45,0.005,0.6190476190476191,0.0,0.0,0,0.0,2,2,0,0,172,6,0.0,0.0,
safety_stress_task2_4aa3812_s24171,double_dqn_continuous_v2_agent,1,9.0,1,9.0,9.0,0.0,,,400.0,9.0,9.0,9.0,9.0,0,0,2.25,44.44444444444444,1.0,1.0,400.0,1.0,1.0,1.0,1.0,0.0,0.0,True,0.0,0.0,0.0,0.0,0.0,0.0,110.0,110.0,45.0,8.0,0.17777777777777778,2.4444444444444446,0,45.0,45.0,1.0,2.4444444444444446,0.0,0.0,1.0,400.0,1.0,1.0,0.0,0.0,0.0,0.0,400,0.005489848256111145,0.008087158203125,0.008786916732788086,0,0,66,0.165,60,0.15,55,0.1375,56,0.14,118,0.295,45,0.1125,37,37,37,400,58,0.145,0,0.0,0,0,0,0,1863,0,0,274742,0,0,400,47,47,38,0.295,0.01,0.7446808510638298,0.02631578947368421,0.0,0,0.0,2,2,0,1,111,4,0.0,0.0,
safety_stress_task2_4aa3812_s24172,double_dqn_continuous_v2_agent,1,8.0,1,8.0,8.0,0.0,,,400.0,8.0,8.0,8.0,8.0,0,0,2.0,50.0,0.0,0.0,,1.0,1.0,1.0,1.0,0.0,0.0,True,0.0,0.0,0.0,0.0,0.0,0.0,115.0,115.0,42.0,3.0,0.07142857142857142,2.738095238095238,0,42.0,42.0,1.0,2.738095238095238,0.0,0.0,1.0,400.0,1.0,1.0,0.0,0.0,0.0,0.0,400,0.0055670827627182,0.008325338363647461,0.009488821029663086,0,0,55,0.1375,36,0.09,58,0.145,46,0.115,163,0.4075,42,0.105,73,73,73,400,59,0.1475,0,0.0,0,0,0,0,1609,0,0,261709,0,0,400,47,47,39,0.4075,0.005,0.7872340425531915,0.0,0.0,0,0.0,0,0,0,1,158,4,0.0,0.0,
safety_stress_task2_4aa3812_s24173,double_dqn_continuous_v2_agent,1,4.0,1,4.0,4.0,0.0,,,400.0,4.0,4.0,4.0,4.0,0,0,1.0,100.0,0.0,0.0,,1.0,1.0,0.0,0.0,0.0,0.0,True,0.0,0.0,0.0,0.0,0.0,0.0,60.0,60.0,41.0,18.0,0.43902439024390244,1.4634146341463414,0,40.0,40.0,1.0,1.5,0.0,0.0,1.0,400.0,1.0,1.0,0.0,0.0,0.0,0.0,400,0.004796720147132874,0.006355762481689453,0.007163286209106445,0,0,96,0.24,43,0.1075,84,0.21,47,0.1175,89,0.2225,41,0.1025,2,2,2,400,95,0.2375,0,0.0,0,0,0,0,1539,0,0,189650,0,0,400,58,58,54,0.2225,0.0425,0.5,0.05555555555555555,0.0,0,0.0,3,3,0,3,72,11,0.0,0.0,
safety_stress_task2_4aa3812_s24174,double_dqn_continuous_v2_agent,1,8.0,1,8.0,8.0,0.0,,,400.0,8.0,8.0,8.0,8.0,0,0,2.0,50.0,0.0,0.0,,1.0,1.0,0.0,0.0,0.0,0.0,True,0.0,0.0,0.0,0.0,0.0,0.0,122.0,122.0,52.0,9.0,0.17307692307692307,2.3461538461538463,0,52.0,52.0,1.0,2.3461538461538463,0.0,0.0,1.0,400.0,1.0,1.0,0.0,0.0,0.0,0.0,400,0.0050459736585617065,0.006960868835449219,0.008470773696899414,0,0,66,0.165,62,0.155,67,0.1675,50,0.125,103,0.2575,52,0.13,3,3,3,400,73,0.1825,0,0.0,0,0,0,0,1957,0,0,255325,0,0,400,69,69,61,0.2575,0.0125,0.6811594202898551,0.0,0.0,0,0.0,5,5,0,3,89,6,0.0,0.0,
safety_stress_task2_4aa3812_s24175,double_dqn_continuous_v2_agent,1,9.0,1,9.0,9.0,0.0,,,400.0,9.0,9.0,9.0,9.0,0,0,2.25,44.44444444444444,1.0,1.0,400.0,1.0,1.0,1.0,1.0,0.0,0.0,True,0.0,0.0,0.0,0.0,0.0,0.0,109.0,109.0,48.0,9.0,0.1875,2.2708333333333335,0,48.0,48.0,1.0,2.2708333333333335,0.0,0.0,1.0,400.0,1.0,1.0,0.0,0.0,0.0,0.0,400,0.005118227601051331,0.007169485092163086,0.009708166122436523,0,0,82,0.205,45,0.1125,77,0.1925,55,0.1375,93,0.2325,48,0.12,13,13,13,400,63,0.1575,0,0.0,0,0,0,0,1728,0,0,221457,0,0,400,100,100,91,0.2325,0.0125,0.58,0.01098901098901099,0.0,0,0.0,11,11,0,1,70,11,0.0,0.0,
safety_stress_task2_4aa3812_s24176,double_dqn_continuous_v2_agent,1,8.0,1,8.0,8.0,0.0,,,400.0,8.0,8.0,8.0,8.0,0,0,2.0,50.0,0.0,0.0,,1.0,1.0,1.0,1.0,0.0,0.0,True,0.0,0.0,0.0,0.0,0.0,0.0,116.0,116.0,46.0,5.0,0.10869565217391304,2.5217391304347827,0,45.0,45.0,1.0,2.577777777777778,0.0,0.0,1.0,400.0,1.0,1.0,0.0,0.0,0.0,0.0,400,0.005170233845710755,0.007497310638427734,0.008858442306518555,0,0,62,0.155,64,0.16,65,0.1625,56,0.14,107,0.2675,46,0.115,35,35,35,400,69,0.1725,0,0.0,0,0,0,0,1835,0,0,254482,0,0,400,56,56,48,0.2675,0.0125,0.7321428571428571,0.0,0.0,0,0.0,1,1,0,0,103,3,0.0,0.0,
safety_stress_task2_4aa3812_s24177,double_dqn_continuous_v2_agent,1,7.0,1,7.0,7.0,0.0,,,400.0,7.0,7.0,7.0,7.0,0,0,1.75,57.142857142857146,0.0,0.0,,1.0,1.0,0.0,0.0,0.0,0.0,True,0.0,0.0,0.0,0.0,0.0,0.0,90.0,90.0,41.0,11.0,0.2682926829268293,2.1951219512195124,0,41.0,41.0,1.0,2.1951219512195124,0.0,0.0,1.0,400.0,1.0,1.0,0.0,0.0,0.0,0.0,400,0.005137726068496704,0.0068399906158447266,0.00827479362487793,0,0,79,0.1975,55,0.1375,89,0.2225,41,0.1025,95,0.2375,41,0.1025,3,3,3,400,53,0.1325,0,0.0,0,0,0,0,1647,0,0,220204,0,0,400,59,59,52,0.2375,0.05,0.6271186440677966,0.019230769230769232,0.0,0,0.0,4,4,0,1,84,6,0.0,0.0,
safety_stress_task2_4aa3812_s24178,double_dqn_continuous_v2_agent,1,8.0,1,8.0,8.0,0.0,,,400.0,8.0,8.0,8.0,8.0,0,0,2.0,50.0,0.0,0.0,,1.0,1.0,0.0,0.0,0.0,0.0,True,0.0,0.0,0.0,0.0,0.0,0.0,110.0,110.0,51.0,12.0,0.23529411764705882,2.156862745098039,0,50.0,50.0,1.0,2.2,0.0,0.0,1.0,400.0,1.0,1.0,0.0,0.0,0.0,0.0,400,0.0052991992235183714,0.0078067779541015625,0.009451866149902344,0,0,82,0.205,58,0.145,68,0.17,45,0.1125,96,0.24,51,0.1275,7,7,7,400,77,0.1925,0,0.0,0,0,0,0,2010,0,0,259707,0,0,400,61,61,53,0.24,0.0125,0.6885245901639344,0.018867924528301886,0.0,0,0.0,2,2,0,3,85,6,0.0,0.0,
safety_stress_task2_4aa3812_s24179,double_dqn_continuous_v2_agent,1,9.0,1,9.0,9.0,0.0,,,400.0,9.0,9.0,9.0,9.0,0,0,2.25,44.44444444444444,1.0,1.0,400.0,1.0,1.0,0.0,0.0,0.0,0.0,True,0.0,0.0,0.0,0.0,0.0,0.0,114.0,114.0,48.0,10.0,0.20833333333333334,2.375,0,47.0,47.0,1.0,2.425531914893617,0.0,0.0,1.0,400.0,1.0,1.0,0.0,0.0,0.0,0.0,400,0.005080134272575378,0.007038593292236328,0.00837564468383789,0,0,71,0.1775,60,0.15,84,0.21,54,0.135,83,0.2075,48,0.12,3,3,3,400,62,0.155,0,0.0,0,0,0,0,1936,0,0,236637,0,0,400,60,60,51,0.2075,0.005,0.7,0.0,0.0,0,0.0,6,6,0,0,73,4,0.0,0.0,
safety_stress_task2_4aa3812_s24180,double_dqn_continuous_v2_agent,1,7.0,1,7.0,7.0,0.0,,,400.0,7.0,7.0,7.0,7.0,0,0,1.75,57.142857142857146,0.0,0.0,,1.0,1.0,0.0,0.0,0.0,0.0,True,0.0,0.0,0.0,0.0,0.0,0.0,96.0,96.0,52.0,23.0,0.4423076923076923,1.8461538461538463,0,52.0,52.0,1.0,1.8461538461538463,0.0,0.0,1.0,400.0,1.0,1.0,0.0,0.0,0.0,0.0,400,0.0052850770950317386,0.0072591304779052734,0.008230924606323242,0,0,63,0.1575,73,0.1825,59,0.1475,60,0.15,93,0.2325,52,0.13,3,3,3,400,71,0.1775,0,0.0,0,0,0,0,2005,0,0,264146,0,0,400,43,43,36,0.2325,0.0075,0.6744186046511628,0.0,0.0,0,0.0,4,4,0,1,84,4,0.0,0.0,
safety_stress_task2_4aa3812_s24181,double_dqn_continuous_v2_agent,1,8.0,1,8.0,8.0,0.0,,,400.0,8.0,8.0,8.0,8.0,0,0,2.0,50.0,0.0,0.0,,1.0,1.0,0.0,0.0,0.0,0.0,True,0.0,0.0,0.0,0.0,0.0,0.0,85.0,85.0,41.0,15.0,0.36585365853658536,2.073170731707317,0,41.0,41.0,1.0,2.073170731707317,0.0,0.0,1.0,400.0,1.0,1.0,0.0,0.0,0.0,0.0,400,0.005017102956771851,0.0069921016693115234,0.008484125137329102,0,0,95,0.2375,40,0.1,89,0.2225,40,0.1,95,0.2375,41,0.1025,3,3,3,400,65,0.1625,0,0.0,0,0,0,0,1475,0,0,218513,0,0,400,50,50,42,0.2375,0.0825,0.76,0.023809523809523808,0.1,0,0.0,1,1,0,5,85,4,0.0,0.0,
safety_stress_task2_4aa3812_s24182,double_dqn_continuous_v2_agent,1,8.0,1,8.0,8.0,0.0,,,400.0,8.0,8.0,8.0,8.0,0,0,2.0,50.0,0.0,0.0,,1.0,1.0,0.0,0.0,0.0,0.0,True,0.0,0.0,0.0,0.0,0.0,0.0,92.0,92.0,41.0,11.0,0.2682926829268293,2.2439024390243905,0,41.0,41.0,1.0,2.2439024390243905,0.0,0.0,1.0,400.0,1.0,1.0,0.0,0.0,0.0,0.0,400,0.004914350509643554,0.006561279296875,0.008812665939331055,0,0,79,0.1975,58,0.145,73,0.1825,58,0.145,91,0.2275,41,0.1025,3,3,3,400,53,0.1325,0,0.0,0,0,0,0,1460,0,0,215734,0,0,400,57,57,49,0.2275,0.0525,0.7017543859649122,0.04081632653061224,0.017543859649122806,0,0.0,4,4,0,1,83,3,0.0,0.0,
safety_stress_task2_4aa3812_s24183,double_dqn_continuous_v2_agent,1,9.0,1,9.0,9.0,0.0,,,400.0,9.0,9.0,9.0,9.0,0,0,2.25,44.44444444444444,1.0,1.0,400.0,1.0,1.0,0.0,0.0,0.0,0.0,True,0.0,0.0,0.0,0.0,0.0,0.0,118.0,118.0,52.0,11.0,0.21153846153846154,2.269230769230769,0,52.0,52.0,1.0,2.269230769230769,0.0,0.0,1.0,400.0,1.0,1.0,0.0,0.0,0.0,0.0,400,0.004743501543998718,0.006618022918701172,0.007852554321289062,0,0,77,0.1925,58,0.145,64,0.16,58,0.145,91,0.2275,52,0.13,3,3,3,400,85,0.2125,0,0.0,0,0,0,0,1913,0,0,229993,0,0,400,81,81,72,0.2275,0.0125,0.654320987654321,0.0,0.0,0,0.0,7,7,0,2,73,9,0.0,0.0,
safety_stress_task2_4aa3812_s24184,double_dqn_continuous_v2_agent,1,6.0,1,6.0,6.0,0.0,,,400.0,6.0,6.0,6.0,6.0,0,0,1.5,66.66666666666667,0.0,0.0,,1.0,1.0,0.0,0.0,0.0,0.0,True,0.0,0.0,0.0,0.0,0.0,0.0,102.0,102.0,48.0,15.0,0.3125,2.125,0,48.0,48.0,1.0,2.125,0.0,0.0,1.0,400.0,1.0,1.0,0.0,0.0,0.0,0.0,400,0.004968709945678711,0.006849050521850586,0.008133649826049805,0,0,46,0.115,89,0.2225,59,0.1475,93,0.2325,65,0.1625,48,0.12,2,2,2,400,92,0.23,0,0.0,0,0,0,0,1661,0,0,209026,0,0,400,118,118,112,0.1625,0.0175,0.6016949152542372,0.08035714285714286,0.0,0,0.0,1,1,0,0,52,12,0.0,0.0,
safety_stress_task2_4aa3812_s24185,double_dqn_continuous_v2_agent,1,7.0,1,7.0,7.0,0.0,,,400.0,7.0,7.0,7.0,7.0,0,0,1.75,57.142857142857146,0.0,0.0,,1.0,1.0,1.0,1.0,0.0,0.0,True,0.0,0.0,0.0,0.0,0.0,0.0,108.0,108.0,46.0,10.0,0.21739130434782608,2.347826086956522,0,45.0,45.0,1.0,2.4,0.0,0.0,1.0,400.0,1.0,1.0,0.0,0.0,0.0,0.0,400,0.005124552249908447,0.007892608642578125,0.008676767349243164,0,0,65,0.1625,55,0.1375,65,0.1625,55,0.1375,114,0.285,46,0.115,32,32,32,400,69,0.1725,0,0.0,0,0,0,0,1695,0,0,245230,0,0,400,46,46,39,0.285,0.0125,0.7391304347826086,0.0,0.0,0,0.0,3,3,0,0,108,3,0.0,0.0,
safety_stress_task2_4aa3812_s24186,double_dqn_continuous_v2_agent,1,8.0,1,8.0,8.0,0.0,,,400.0,8.0,8.0,8.0,8.0,0,0,2.0,50.0,0.0,0.0,,1.0,1.0,1.0,1.0,0.0,0.0,True,0.0,0.0,0.0,0.0,0.0,0.0,81.0,81.0,47.0,14.0,0.2978723404255319,1.7234042553191489,0,47.0,47.0,1.0,1.7234042553191489,0.0,0.0,1.0,400.0,1.0,1.0,0.0,0.0,0.0,0.0,400,0.0047987204790115355,0.007016658782958984,0.007967948913574219,0,0,70,0.175,56,0.14,61,0.1525,46,0.115,120,0.3,47,0.1175,23,23,23,400,68,0.17,0,0.0,0,0,0,0,1785,0,0,216384,0,0,400,65,65,57,0.3,0.0175,0.6461538461538462,0.017543859649122806,0.0,0,0.0,5,5,0,2,103,10,0.0,0.0,
safety_stress_task2_4aa3812_s24187,double_dqn_continuous_v2_agent,1,9.0,1,9.0,9.0,0.0,,,400.0,9.0,9.0,9.0,9.0,0,0,2.25,44.44444444444444,1.0,1.0,400.0,1.0,1.0,1.0,1.0,0.0,0.0,True,0.0,0.0,0.0,0.0,0.0,0.0,94.0,94.0,41.0,7.0,0.17073170731707318,2.292682926829268,0,41.0,41.0,1.0,2.292682926829268,0.0,0.0,1.0,400.0,1.0,1.0,0.0,0.0,0.0,0.0,400,0.005457068681716919,0.007915258407592773,0.008848190307617188,0,0,62,0.155,34,0.085,67,0.1675,42,0.105,154,0.385,41,0.1025,82,82,82,400,49,0.1225,0,0.0,0,0,0,0,1662,0,0,260941,0,0,400,77,77,68,0.385,0.005,0.6753246753246753,0.0,0.012987012987012988,0,0.0,6,6,0,0,144,4,0.0,0.0,
safety_stress_task2_4aa3812_s24188,double_dqn_continuous_v2_agent,1,5.0,1,5.0,5.0,0.0,,,400.0,5.0,5.0,5.0,5.0,0,0,1.25,80.0,0.0,0.0,,1.0,1.0,0.0,0.0,0.0,0.0,True,0.0,0.0,0.0,0.0,0.0,0.0,105.0,105.0,48.0,10.0,0.20833333333333334,2.1875,0,48.0,48.0,1.0,2.1875,0.0,0.0,1.0,400.0,1.0,1.0,0.0,0.0,0.0,0.0,400,0.0048205524682998655,0.0068416595458984375,0.009994745254516602,0,0,65,0.1625,63,0.1575,75,0.1875,58,0.145,91,0.2275,48,0.12,3,3,3,400,55,0.1375,0,0.0,0,0,0,0,1912,0,0,238850,0,0,400,39,39,33,0.2275,0.0075,0.5897435897435898,0.09090909090909091,0.02564102564102564,0,0.0,1,1,0,3,82,5,0.0,0.0,
safety_stress_task2_4aa3812_s24189,double_dqn_continuous_v2_agent,1,9.0,1,9.0,9.0,0.0,,,400.0,9.0,9.0,9.0,9.0,0,0,2.25,44.44444444444444,1.0,1.0,400.0,1.0,1.0,0.0,0.0,0.0,0.0,True,0.0,0.0,0.0,0.0,0.0,0.0,109.0,109.0,50.0,13.0,0.26,2.18,0,50.0,50.0,1.0,2.18,0.0,0.0,1.0,400.0,1.0,1.0,0.0,0.0,0.0,0.0,400,0.004908453226089477,0.006906270980834961,0.008464574813842773,0,0,67,0.1675,59,0.1475,78,0.195,51,0.1275,95,0.2375,50,0.125,3,3,3,400,77,0.1925,0,0.0,0,0,0,0,2080,0,0,248440,0,0,400,71,71,62,0.2375,0.0075,0.6338028169014085,0.0,0.0,0,0.0,7,7,0,1,80,7,0.0,0.0,
safety_stress_task2_4aa3812_s24190,double_dqn_continuous_v2_agent,1,7.0,1,7.0,7.0,0.0,,,400.0,7.0,7.0,7.0,7.0,0,0,1.75,57.142857142857146,0.0,0.0,,1.0,1.0,0.0,0.0,0.0,0.0,True,0.0,0.0,0.0,0.0,0.0,0.0,106.0,106.0,47.0,10.0,0.2127659574468085,2.25531914893617,0,47.0,47.0,1.0,2.25531914893617,0.0,0.0,1.0,400.0,1.0,1.0,0.0,0.0,0.0,0.0,400,0.004740567207336426,0.006712913513183594,0.008314132690429688,0,0,72,0.18,58,0.145,78,0.195,58,0.145,87,0.2175,47,0.1175,3,3,3,400,70,0.175,0,0.0,0,0,0,0,1858,0,0,247833,0,0,400,40,40,33,0.2175,0.01,0.75,0.0,0.0,0,0.0,1,1,0,2,79,5,0.0,0.0,
safety_stress_task2_4aa3812_s24191,double_dqn_continuous_v2_agent,1,8.0,1,8.0,8.0,0.0,,,400.0,8.0,8.0,8.0,8.0,0,0,2.0,50.0,0.0,0.0,,1.0,1.0,1.0,1.0,0.0,0.0,True,0.0,0.0,0.0,0.0,0.0,0.0,115.0,115.0,48.0,11.0,0.22916666666666666,2.3958333333333335,0,48.0,48.0,1.0,2.3958333333333335,0.0,0.0,1.0,400.0,1.0,1.0,0.0,0.0,0.0,0.0,400,0.005058935284614563,0.007172584533691406,0.008809566497802734,0,0,52,0.13,77,0.1925,64,0.16,77,0.1925,82,0.205,48,0.12,11,11,11,400,70,0.175,0,0.0,0,0,0,0,1643,0,0,212721,0,0,400,86,86,78,0.205,0.0125,0.6162790697674418,0.0,0.0,0,0.0,6,6,0,1,66,9,0.0,0.0,
safety_stress_task2_4aa3812_s24192,double_dqn_continuous_v2_agent,1,8.0,1,8.0,8.0,0.0,,,400.0,8.0,8.0,8.0,8.0,0,0,2.0,50.0,0.0,0.0,,1.0,1.0,0.0,0.0,0.0,0.0,True,0.0,0.0,0.0,0.0,0.0,0.0,107.0,107.0,53.0,16.0,0.3018867924528302,2.018867924528302,0,53.0,53.0,1.0,2.018867924528302,0.0,0.0,1.0,400.0,1.0,1.0,0.0,0.0,0.0,0.0,400,0.004774479866027832,0.006995201110839844,0.00791311264038086,0,0,66,0.165,60,0.15,56,0.14,61,0.1525,104,0.26,53,0.1325,3,3,3,400,73,0.1825,0,0.0,0,0,0,0,1890,0,0,242132,0,0,400,64,64,56,0.26,0.0025,0.59375,0.0,0.0,0,0.0,5,5,0,4,86,9,0.0,0.0,
safety_stress_task2_4aa3812_s24193,double_dqn_continuous_v2_agent,1,9.0,1,9.0,9.0,0.0,,,400.0,9.0,9.0,9.0,9.0,0,0,2.25,44.44444444444444,1.0,1.0,400.0,1.0,1.0,0.0,0.0,0.0,0.0,True,0.0,0.0,0.0,0.0,0.0,0.0,134.0,134.0,47.0,7.0,0.14893617021276595,2.851063829787234,0,47.0,47.0,1.0,2.851063829787234,0.0,0.0,1.0,400.0,1.0,1.0,0.0,0.0,0.0,0.0,400,0.004812077879905701,0.0063953399658203125,0.008481502532958984,0,0,79,0.1975,59,0.1475,69,0.1725,71,0.1775,75,0.1875,47,0.1175,2,2,2,400,75,0.1875,0,0.0,0,0,0,0,1754,0,0,212714,0,0,400,76,76,67,0.1875,0.005,0.5789473684210527,0.014925373134328358,0.0,0,0.0,5,5,0,1,58,11,0.0,0.0,
safety_stress_task2_4aa3812_s24194,double_dqn_continuous_v2_agent,1,9.0,1,9.0,9.0,0.0,,,400.0,9.0,9.0,9.0,9.0,0,0,2.25,44.44444444444444,1.0,1.0,400.0,1.0,1.0,0.0,0.0,0.0,0.0,True,0.0,0.0,0.0,0.0,0.0,0.0,105.0,105.0,52.0,11.0,0.21153846153846154,2.019230769230769,0,52.0,52.0,1.0,2.019230769230769,0.0,0.0,1.0,400.0,1.0,1.0,0.0,0.0,0.0,0.0,400,0.00445031225681305,0.0060062408447265625,0.006882667541503906,0,0,69,0.1725,55,0.1375,75,0.1875,56,0.14,93,0.2325,52,0.13,3,3,3,400,68,0.17,0,0.0,0,0,0,0,1802,0,0,222739,0,0,400,83,83,74,0.2325,0.0025,0.6385542168674698,0.04054054054054054,0.0,0,0.0,3,3,0,1,81,8,0.0,0.0,
safety_stress_task2_4aa3812_s24195,double_dqn_continuous_v2_agent,1,7.0,1,7.0,7.0,0.0,,,400.0,7.0,7.0,7.0,7.0,0,0,1.75,57.142857142857146,0.0,0.0,,1.0,1.0,0.0,0.0,0.0,0.0,True,0.0,0.0,0.0,0.0,0.0,0.0,109.0,109.0,51.0,10.0,0.19607843137254902,2.1372549019607843,0,51.0,51.0,1.0,2.1372549019607843,0.0,0.0,1.0,400.0,1.0,1.0,0.0,0.0,0.0,0.0,400,0.004489167928695679,0.006548643112182617,0.007898330688476562,0,0,70,0.175,59,0.1475,62,0.155,60,0.15,98,0.245,51,0.1275,3,3,3,400,72,0.18,0,0.0,0,0,0,0,1967,0,0,239290,0,0,400,52,52,45,0.245,0.0175,0.6153846153846154,0.0,0.0,0,0.0,4,4,0,1,88,5,0.0,0.0,
safety_stress_task2_4aa3812_s24196,double_dqn_continuous_v2_agent,1,6.0,1,6.0,6.0,0.0,,,400.0,6.0,6.0,6.0,6.0,0,0,1.5,66.66666666666667,0.0,0.0,,1.0,1.0,0.0,0.0,0.0,0.0,True,0.0,0.0,0.0,0.0,0.0,0.0,90.0,90.0,53.0,21.0,0.39622641509433965,1.6981132075471699,0,52.0,52.0,1.0,1.7307692307692308,0.0,0.0,1.0,400.0,1.0,1.0,0.0,0.0,0.0,0.0,400,0.004698712825775147,0.006281852722167969,0.007393836975097656,0,0,64,0.16,65,0.1625,55,0.1375,65,0.1625,98,0.245,53,0.1325,3,3,3,400,84,0.21,0,0.0,0,0,0,0,1982,0,0,223226,0,0,400,42,42,36,0.245,0.0025,0.6904761904761905,0.0,0.0,0,0.0,4,4,0,7,84,3,0.0,0.0,
safety_stress_task2_4aa3812_s24197,double_dqn_continuous_v2_agent,1,9.0,1,9.0,9.0,0.0,,,400.0,9.0,9.0,9.0,9.0,0,0,2.25,44.44444444444444,1.0,1.0,400.0,1.0,1.0,1.0,1.0,0.0,0.0,True,0.0,0.0,0.0,0.0,0.0,0.0,91.0,91.0,45.0,13.0,0.28888888888888886,2.022222222222222,0,45.0,45.0,1.0,2.022222222222222,0.0,0.0,1.0,400.0,1.0,1.0,0.0,0.0,0.0,0.0,400,0.004954323768615722,0.007378578186035156,0.008515119552612305,0,0,59,0.1475,55,0.1375,50,0.125,43,0.1075,148,0.37,45,0.1125,59,59,59,400,60,0.15,0,0.0,0,0,0,0,1708,0,0,243281,0,0,400,59,59,50,0.37,0.0075,0.6779661016949152,0.02,0.0,0,0.0,4,4,0,2,136,6,0.0,0.0,
safety_stress_task2_4aa3812_s24198,double_dqn_continuous_v2_agent,1,6.0,1,6.0,6.0,0.0,,,400.0,6.0,6.0,6.0,6.0,0,0,1.5,66.66666666666667,0.0,0.0,,1.0,1.0,0.0,0.0,0.0,0.0,True,0.0,0.0,0.0,0.0,0.0,0.0,109.0,109.0,45.0,7.0,0.15555555555555556,2.422222222222222,0,45.0,45.0,1.0,2.422222222222222,0.0,0.0,1.0,400.0,1.0,1.0,0.0,0.0,0.0,0.0,400,0.005135736465454102,0.0069773197174072266,0.008473873138427734,0,0,76,0.19,55,0.1375,90,0.225,57,0.1425,77,0.1925,45,0.1125,3,3,3,400,69,0.1725,0,0.0,0,0,0,0,1826,0,0,259083,0,0,400,45,45,39,0.1925,0.0675,0.6444444444444445,0.02564102564102564,0.0,0,0.0,2,2,0,0,71,4,0.0,0.0,
safety_stress_task2_4aa3812_s24199,double_dqn_continuous_v2_agent,1,6.0,1,6.0,6.0,0.0,,,400.0,6.0,6.0,6.0,6.0,0,0,1.5,66.66666666666667,0.0,0.0,,1.0,1.0,1.0,1.0,0.0,0.0,True,0.0,0.0,0.0,0.0,0.0,0.0,106.0,106.0,48.0,12.0,0.25,2.2083333333333335,0,47.0,47.0,1.0,2.25531914893617,0.0,0.0,1.0,400.0,1.0,1.0,0.0,0.0,0.0,0.0,400,0.004951111674308777,0.007178306579589844,0.008710145950317383,0,0,67,0.1675,55,0.1375,62,0.155,53,0.1325,115,0.2875,48,0.12,18,18,18,400,67,0.1675,0,0.0,0,0,0,0,1803,0,0,209586,0,0,400,60,60,54,0.2875,0.005,0.65,0.018518518518518517,0.0,0,0.0,6,6,0,3,101,5,0.0,0.0,
AVERAGE,double_dqn_continuous_v2_agent,100,739.0,1.0,7.39,8.0,1.4275503493747603,7.108790551475606,7.671209448524394,40000.0,739.0,7.39,3.0,9.0,0.0,0.0,1.8475,54.12719891745602,23.0,0.23,400.0,100.0,1.0,35.0,0.35,1.0,0.01,True,0.0,0.0,0.0,0.0,0.0,0.0,10223.0,102.23,47.17,1212.0,0.2569429722281111,2.1672673309306765,0.0,4694.0,4694.0,1.0,2.177886663826161,0.0,0.0,1.0,400.0,100.0,1.0,0.0,0.0,0.0,0.0,40000,0.004899165159463883,0.0070836544036865234,0.15078043937683105,0,0,6866,0.17165,5547,0.138675,6921,0.173025,5364,0.1341,10585,0.264625,4717,0.117925,3.0,2.0,112.0,,,,,,,,,,,,,,,,40000,5948,5948,5205,0.264625,0.015125,0.6435776731674513,0.019020172910662825,0.014794889038332213,0,0.0,410,410,0,166,9390,619,0.0,0.0,
