metric,paired_count,candidate_mean,reference_mean,mean_difference,median_difference,candidate_wins,ties,candidate_losses,bootstrap_ci95_low,bootstrap_ci95_high
score,60,4.166666666666667,3.8833333333333333,0.2833333333333333,0.0,24,15,21,-0.7666666666666667,1.35
coins,60,3.0833333333333335,3.1333333333333333,-0.05,0.0,21,18,21,-0.5,0.36666666666666664
crates,60,36.3,34.35,1.95,3.0,38,2,20,-1.0166666666666666,4.783333333333333
kills,60,0.21666666666666667,0.15,0.06666666666666667,0.0,12,39,9,-0.08333333333333333,0.21666666666666667
suicides,60,0.0,0.0,0.0,0.0,0,60,0,0.0,0.0
survived,60,0.95,0.85,0.1,0.0,9,48,3,0.0,0.21666666666666667
survival_steps,60,383.15,360.43333333333334,22.716666666666665,0.0,9,46,5,-7.533333333333333,54.63333333333333
exclusive_win,60,0.38333333333333336,0.2833333333333333,0.1,0.0,15,36,9,-0.05,0.25
tied_first,60,0.18333333333333332,0.11666666666666667,0.06666666666666667,0.0,10,44,6,-0.06666666666666667,0.2
