model_family,input_representation,learner,reward_or_training_contract,covered_tasks,status,evidence_status,source_path
Tabular Q-learning,discrete-v1/discrete-q-v2,Q-learning,exploratory Task 1,1,archived baseline,verified_summary,thesis/docs/planning/REPORT_OUTLINE.md
Double Q(lambda),84-D continuous-v2 tile coding,Watkins Double Q(lambda),r20 + survival-mask-v1/all,1-2,Task 1 independently confirmed; Task 2 below target,verified_summary,docs/research/q-cnn-experiment-report.md
CNN Double DQN,17-channel board/path/history,Double DQN,r3/r5 experiments,1,early baseline and input-bug history,verified_summary,docs/research/q-cnn-experiment-report.md
Distilled CNN Double DQN,17-channel CNN + frozen teacher during training,Double DQN,Task 1 teacher KL then TD fine-tuning,1-2,Task 1 confirmed; Task 2 partial transfer,verified_summary,docs/research/q-cnn-experiment-report.md
Continuous Double DQN,70/78/84-D continuous,Double DQN,r7 family + survival-mask versions,1-4,central Task 2-4 lineage,verified_summary,thesis/docs/planning/REPORT_OUTLINE.md
Phase Double DQN,117-D phase features,Double DQN,Task 3 phase contracts,3,retention/safety gate failures,verified_summary,thesis/docs/planning/REPORT_OUTLINE.md
Rainbow-lite,continuous features + selected Rainbow modules,Double DQN variant,experiment-specific,1-2,implemented; admissible aggregate result not audited,evidence_gap,thesis/docs/planning/REPORT_OUTLINE.md
Task 4 specialists,84-D continuous,Double DQN,E1/E2/E3 and frozen C/S contracts,4,bounded experiments; no stable score gain,verified_raw,experiments/results/task4_exploration_20260919/report.md
Die Hardest,continuous-v2,Double DQN,r7_safe_credit_sparse + survival-mask-v9,4,frozen submission candidate,verified_summary,agent_code/die_hardest/README.md
