metric,paired_count,candidate_mean,reference_mean,mean_difference,median_difference,candidate_wins,ties,candidate_losses,bootstrap_ci95_low,bootstrap_ci95_high
score,60,7.683333333333334,7.683333333333334,0.0,0.0,0,60,0,0.0,0.0
coins,60,4.766666666666667,4.766666666666667,0.0,0.0,0,60,0,0.0,0.0
crates,60,56.96666666666667,56.96666666666667,0.0,0.0,0,60,0,0.0,0.0
kills,60,0.5833333333333334,0.5833333333333334,0.0,0.0,0,60,0,0.0,0.0
suicides,60,0.0,0.0,0.0,0.0,0,60,0,0.0,0.0
survived,60,1.0,1.0,0.0,0.0,0,60,0,0.0,0.0
survival_steps,60,400.0,400.0,0.0,0.0,0,60,0,0.0,0.0
exclusive_win,60,0.5333333333333333,0.5333333333333333,0.0,0.0,0,60,0,0.0,0.0
tied_first,60,0.03333333333333333,0.03333333333333333,0.0,0.0,0,60,0,0.0,0.0
