schema_version,algorithm,round,reward,action_steps,epsilon,q_states,loss,updates,checkpoint
training-v1,dqn,1,6.000000000000082,400,0.9998020833333333,,,0,/export/data/sfan/MLE_final_project/runs/formal_dqn_v1_r1_s11_t1_r500/checkpoints/final.pt
training-v1,dqn,2,30.999999999999925,800,0.9996041666666666,,,0,/export/data/sfan/MLE_final_project/runs/formal_dqn_v1_r1_s11_t1_r500/checkpoints/final.pt
training-v1,dqn,3,12.00000000000008,1200,0.99940625,,,0,/export/data/sfan/MLE_final_project/runs/formal_dqn_v1_r1_s11_t1_r500/checkpoints/final.pt
training-v1,dqn,4,12.00000000000008,1600,0.9992083333333334,,,0,/export/data/sfan/MLE_final_project/runs/formal_dqn_v1_r1_s11_t1_r500/checkpoints/final.pt
training-v1,dqn,5,16.000000000000064,2000,0.9990104166666667,,0.049402955919504166,1,/export/data/sfan/MLE_final_project/runs/formal_dqn_v1_r1_s11_t1_r500/checkpoints/final.pt
training-v1,dqn,6,17.000000000000018,2400,0.9988125,,0.02495531551539898,401,/export/data/sfan/MLE_final_project/runs/formal_dqn_v1_r1_s11_t1_r500/checkpoints/final.pt
training-v1,dqn,7,21.999999999999876,2800,0.9986145833333333,,0.01887727901339531,801,/export/data/sfan/MLE_final_project/runs/formal_dqn_v1_r1_s11_t1_r500/checkpoints/final.pt
training-v1,dqn,8,18.999999999999957,3200,0.9984166666666666,,0.02516576275229454,1201,/export/data/sfan/MLE_final_project/runs/formal_dqn_v1_r1_s11_t1_r500/checkpoints/final.pt
training-v1,dqn,9,21.999999999999805,3600,0.99821875,,0.015818027779459953,1601,/export/data/sfan/MLE_final_project/runs/formal_dqn_v1_r1_s11_t1_r500/checkpoints/final.pt
training-v1,dqn,10,26.999999999999687,4000,0.9980208333333334,,0.047491103410720825,2001,/export/data/sfan/MLE_final_project/runs/formal_dqn_v1_r1_s11_t1_r500/checkpoints/final.pt
training-v1,dqn,11,22.999999999999776,4400,0.9978229166666667,,0.028014838695526123,2401,/export/data/sfan/MLE_final_project/runs/formal_dqn_v1_r1_s11_t1_r500/checkpoints/final.pt
training-v1,dqn,12,16.999999999999986,4800,0.997625,,0.047661300748586655,2801,/export/data/sfan/MLE_final_project/runs/formal_dqn_v1_r1_s11_t1_r500/checkpoints/final.pt
training-v1,dqn,13,19.000000000000025,5200,0.9974270833333333,,0.026650451123714447,3201,/export/data/sfan/MLE_final_project/runs/formal_dqn_v1_r1_s11_t1_r500/checkpoints/final.pt
training-v1,dqn,14,20.99999999999989,5600,0.9972291666666666,,0.04305003583431244,3601,/export/data/sfan/MLE_final_project/runs/formal_dqn_v1_r1_s11_t1_r500/checkpoints/final.pt
training-v1,dqn,15,17.99999999999998,6000,0.99703125,,0.05327417701482773,4001,/export/data/sfan/MLE_final_project/runs/formal_dqn_v1_r1_s11_t1_r500/checkpoints/final.pt
training-v1,dqn,16,14.000000000000082,6400,0.9968333333333333,,0.02565562166273594,4401,/export/data/sfan/MLE_final_project/runs/formal_dqn_v1_r1_s11_t1_r500/checkpoints/final.pt
training-v1,dqn,17,21.999999999999947,6800,0.9966354166666667,,0.01611708663403988,4801,/export/data/sfan/MLE_final_project/runs/formal_dqn_v1_r1_s11_t1_r500/checkpoints/final.pt
training-v1,dqn,18,16.000000000000057,7200,0.9964375,,0.010440558195114136,5201,/export/data/sfan/MLE_final_project/runs/formal_dqn_v1_r1_s11_t1_r500/checkpoints/final.pt
training-v1,dqn,19,15.000000000000071,7600,0.9962395833333333,,0.023187588900327682,5601,/export/data/sfan/MLE_final_project/runs/formal_dqn_v1_r1_s11_t1_r500/checkpoints/final.pt
training-v1,dqn,20,14.000000000000082,8000,0.9960416666666667,,0.06200835853815079,6001,/export/data/sfan/MLE_final_project/runs/formal_dqn_v1_r1_s11_t1_r500/checkpoints/final.pt
training-v1,dqn,21,9.000000000000082,8400,0.99584375,,0.028981294482946396,6401,/export/data/sfan/MLE_final_project/runs/formal_dqn_v1_r1_s11_t1_r500/checkpoints/final.pt
training-v1,dqn,22,15.000000000000082,8800,0.9956458333333333,,0.009107721038162708,6801,/export/data/sfan/MLE_final_project/runs/formal_dqn_v1_r1_s11_t1_r500/checkpoints/final.pt
training-v1,dqn,23,21.999999999999805,9200,0.9954479166666667,,0.036805085837841034,7201,/export/data/sfan/MLE_final_project/runs/formal_dqn_v1_r1_s11_t1_r500/checkpoints/final.pt
training-v1,dqn,24,8.00000000000008,9600,0.99525,,0.0132281593978405,7601,/export/data/sfan/MLE_final_project/runs/formal_dqn_v1_r1_s11_t1_r500/checkpoints/final.pt
training-v1,dqn,25,14.000000000000075,10000,0.9950520833333333,,0.021942652761936188,8001,/export/data/sfan/MLE_final_project/runs/formal_dqn_v1_r1_s11_t1_r500/checkpoints/final.pt
training-v1,dqn,26,15.00000000000008,10400,0.9948541666666667,,0.01162059884518385,8401,/export/data/sfan/MLE_final_project/runs/formal_dqn_v1_r1_s11_t1_r500/checkpoints/final.pt
training-v1,dqn,27,13.000000000000082,10800,0.99465625,,0.024833817034959793,8801,/export/data/sfan/MLE_final_project/runs/formal_dqn_v1_r1_s11_t1_r500/checkpoints/final.pt
training-v1,dqn,28,8.000000000000073,11200,0.9944583333333333,,0.01696477271616459,9201,/export/data/sfan/MLE_final_project/runs/formal_dqn_v1_r1_s11_t1_r500/checkpoints/final.pt
training-v1,dqn,29,13.000000000000078,11600,0.9942604166666666,,0.018298573791980743,9601,/export/data/sfan/MLE_final_project/runs/formal_dqn_v1_r1_s11_t1_r500/checkpoints/final.pt
training-v1,dqn,30,20.999999999999936,12000,0.9940625,,0.024311227723956108,10001,/export/data/sfan/MLE_final_project/runs/formal_dqn_v1_r1_s11_t1_r500/checkpoints/final.pt
training-v1,dqn,31,20.999999999999737,12400,0.9938645833333334,,0.02006637491285801,10401,/export/data/sfan/MLE_final_project/runs/formal_dqn_v1_r1_s11_t1_r500/checkpoints/final.pt
training-v1,dqn,32,15.000000000000075,12800,0.9936666666666667,,0.016379645094275475,10801,/export/data/sfan/MLE_final_project/runs/formal_dqn_v1_r1_s11_t1_r500/checkpoints/final.pt
training-v1,dqn,33,19.999999999999666,13200,0.99346875,,0.013649381697177887,11201,/export/data/sfan/MLE_final_project/runs/formal_dqn_v1_r1_s11_t1_r500/checkpoints/final.pt
training-v1,dqn,34,19.999999999999947,13600,0.9932708333333333,,0.012523203156888485,11601,/export/data/sfan/MLE_final_project/runs/formal_dqn_v1_r1_s11_t1_r500/checkpoints/final.pt
training-v1,dqn,35,15.000000000000002,14000,0.9930729166666666,,0.028670595958828926,12001,/export/data/sfan/MLE_final_project/runs/formal_dqn_v1_r1_s11_t1_r500/checkpoints/final.pt
training-v1,dqn,36,16.999999999999986,14400,0.992875,,0.02991689182817936,12401,/export/data/sfan/MLE_final_project/runs/formal_dqn_v1_r1_s11_t1_r500/checkpoints/final.pt
training-v1,dqn,37,11.00000000000007,14800,0.9926770833333334,,0.01714460738003254,12801,/export/data/sfan/MLE_final_project/runs/formal_dqn_v1_r1_s11_t1_r500/checkpoints/final.pt
training-v1,dqn,38,18.99999999999962,15200,0.9924791666666667,,0.02316470257937908,13201,/export/data/sfan/MLE_final_project/runs/formal_dqn_v1_r1_s11_t1_r500/checkpoints/final.pt
training-v1,dqn,39,18.999999999999964,15600,0.99228125,,0.025521375238895416,13601,/export/data/sfan/MLE_final_project/runs/formal_dqn_v1_r1_s11_t1_r500/checkpoints/final.pt
training-v1,dqn,40,18.999999999999936,16000,0.9920833333333333,,0.015087229199707508,14001,/export/data/sfan/MLE_final_project/runs/formal_dqn_v1_r1_s11_t1_r500/checkpoints/final.pt
training-v1,dqn,41,20.999999999999712,16400,0.9918854166666666,,0.012049680575728416,14401,/export/data/sfan/MLE_final_project/runs/formal_dqn_v1_r1_s11_t1_r500/checkpoints/final.pt
training-v1,dqn,42,17.999999999999968,16800,0.9916875,,0.030047928914427757,14801,/export/data/sfan/MLE_final_project/runs/formal_dqn_v1_r1_s11_t1_r500/checkpoints/final.pt
training-v1,dqn,43,18.999999999999954,17200,0.9914895833333334,,0.021706409752368927,15201,/export/data/sfan/MLE_final_project/runs/formal_dqn_v1_r1_s11_t1_r500/checkpoints/final.pt
training-v1,dqn,44,13.000000000000066,17600,0.9912916666666667,,0.02914448082447052,15601,/export/data/sfan/MLE_final_project/runs/formal_dqn_v1_r1_s11_t1_r500/checkpoints/final.pt
training-v1,dqn,45,15.000000000000057,18000,0.99109375,,0.005670258775353432,16001,/export/data/sfan/MLE_final_project/runs/formal_dqn_v1_r1_s11_t1_r500/checkpoints/final.pt
training-v1,dqn,46,7.000000000000082,18400,0.9908958333333333,,0.027308732271194458,16401,/export/data/sfan/MLE_final_project/runs/formal_dqn_v1_r1_s11_t1_r500/checkpoints/final.pt
training-v1,dqn,47,19.999999999999776,18800,0.9906979166666666,,0.019695675000548363,16801,/export/data/sfan/MLE_final_project/runs/formal_dqn_v1_r1_s11_t1_r500/checkpoints/final.pt
training-v1,dqn,48,24.999999999999826,19200,0.9905,,0.014430460520088673,17201,/export/data/sfan/MLE_final_project/runs/formal_dqn_v1_r1_s11_t1_r500/checkpoints/final.pt
training-v1,dqn,49,22.999999999999808,19600,0.9903020833333334,,0.03136077895760536,17601,/export/data/sfan/MLE_final_project/runs/formal_dqn_v1_r1_s11_t1_r500/checkpoints/final.pt
training-v1,dqn,50,15.000000000000082,20000,0.9901041666666667,,0.02241600677371025,18001,/export/data/sfan/MLE_final_project/runs/formal_dqn_v1_r1_s11_t1_r500/checkpoints/final.pt
training-v1,dqn,51,15.000000000000082,20400,0.98990625,,0.03568163886666298,18401,/export/data/sfan/MLE_final_project/runs/formal_dqn_v1_r1_s11_t1_r500/checkpoints/final.pt
training-v1,dqn,52,14.000000000000066,20800,0.9897083333333333,,0.014371979050338268,18801,/export/data/sfan/MLE_final_project/runs/formal_dqn_v1_r1_s11_t1_r500/checkpoints/final.pt
training-v1,dqn,53,23.99999999999962,21200,0.9895104166666666,,0.012115955352783203,19201,/export/data/sfan/MLE_final_project/runs/formal_dqn_v1_r1_s11_t1_r500/checkpoints/final.pt
training-v1,dqn,54,27.99999999999981,21600,0.9893125,,0.01719241961836815,19601,/export/data/sfan/MLE_final_project/runs/formal_dqn_v1_r1_s11_t1_r500/checkpoints/final.pt
training-v1,dqn,55,14.000000000000075,22000,0.9891145833333334,,0.02786744385957718,20001,/export/data/sfan/MLE_final_project/runs/formal_dqn_v1_r1_s11_t1_r500/checkpoints/final.pt
training-v1,dqn,56,18.999999999999925,22400,0.9889166666666667,,0.023186450824141502,20401,/export/data/sfan/MLE_final_project/runs/formal_dqn_v1_r1_s11_t1_r500/checkpoints/final.pt
training-v1,dqn,57,20.000000000000014,22800,0.98871875,,0.027332143858075142,20801,/export/data/sfan/MLE_final_project/runs/formal_dqn_v1_r1_s11_t1_r500/checkpoints/final.pt
training-v1,dqn,58,27.999999999999705,23200,0.9885208333333333,,0.056663017719984055,21201,/export/data/sfan/MLE_final_project/runs/formal_dqn_v1_r1_s11_t1_r500/checkpoints/final.pt
training-v1,dqn,59,22.99999999999979,23600,0.9883229166666667,,0.021259168162941933,21601,/export/data/sfan/MLE_final_project/runs/formal_dqn_v1_r1_s11_t1_r500/checkpoints/final.pt
training-v1,dqn,60,22.999999999999705,24000,0.988125,,0.03978520259261131,22001,/export/data/sfan/MLE_final_project/runs/formal_dqn_v1_r1_s11_t1_r500/checkpoints/final.pt
training-v1,dqn,61,10.000000000000078,24400,0.9879270833333333,,0.052293188869953156,22401,/export/data/sfan/MLE_final_project/runs/formal_dqn_v1_r1_s11_t1_r500/checkpoints/final.pt
training-v1,dqn,62,11.000000000000075,24800,0.9877291666666667,,0.02550368756055832,22801,/export/data/sfan/MLE_final_project/runs/formal_dqn_v1_r1_s11_t1_r500/checkpoints/final.pt
training-v1,dqn,63,9.000000000000082,25200,0.98753125,,0.025863755494356155,23201,/export/data/sfan/MLE_final_project/runs/formal_dqn_v1_r1_s11_t1_r500/checkpoints/final.pt
training-v1,dqn,64,13.000000000000071,25600,0.9873333333333333,,0.008629239164292812,23601,/export/data/sfan/MLE_final_project/runs/formal_dqn_v1_r1_s11_t1_r500/checkpoints/final.pt
training-v1,dqn,65,15.000000000000082,26000,0.9871354166666667,,0.02212342619895935,24001,/export/data/sfan/MLE_final_project/runs/formal_dqn_v1_r1_s11_t1_r500/checkpoints/final.pt
training-v1,dqn,66,11.00000000000008,26400,0.9869375,,0.03447506204247475,24401,/export/data/sfan/MLE_final_project/runs/formal_dqn_v1_r1_s11_t1_r500/checkpoints/final.pt
training-v1,dqn,67,19.999999999999748,26800,0.9867395833333333,,0.019862763583660126,24801,/export/data/sfan/MLE_final_project/runs/formal_dqn_v1_r1_s11_t1_r500/checkpoints/final.pt
training-v1,dqn,68,17.99999999999988,27200,0.9865416666666667,,0.015162359923124313,25201,/export/data/sfan/MLE_final_project/runs/formal_dqn_v1_r1_s11_t1_r500/checkpoints/final.pt
training-v1,dqn,69,12.000000000000078,27600,0.98634375,,0.023610323667526245,25601,/export/data/sfan/MLE_final_project/runs/formal_dqn_v1_r1_s11_t1_r500/checkpoints/final.pt
training-v1,dqn,70,17.00000000000003,28000,0.9861458333333334,,0.01583210937678814,26001,/export/data/sfan/MLE_final_project/runs/formal_dqn_v1_r1_s11_t1_r500/checkpoints/final.pt
training-v1,dqn,71,19.999999999999602,28400,0.9859479166666667,,0.009566308930516243,26401,/export/data/sfan/MLE_final_project/runs/formal_dqn_v1_r1_s11_t1_r500/checkpoints/final.pt
training-v1,dqn,72,21.99999999999979,28800,0.98575,,0.016018599271774292,26801,/export/data/sfan/MLE_final_project/runs/formal_dqn_v1_r1_s11_t1_r500/checkpoints/final.pt
training-v1,dqn,73,15.000000000000076,29200,0.9855520833333333,,0.024787334725260735,27201,/export/data/sfan/MLE_final_project/runs/formal_dqn_v1_r1_s11_t1_r500/checkpoints/final.pt
training-v1,dqn,74,16.99999999999982,29600,0.9853541666666666,,0.01060904748737812,27601,/export/data/sfan/MLE_final_project/runs/formal_dqn_v1_r1_s11_t1_r500/checkpoints/final.pt
training-v1,dqn,75,21.99999999999978,30000,0.98515625,,0.014000050723552704,28001,/export/data/sfan/MLE_final_project/runs/formal_dqn_v1_r1_s11_t1_r500/checkpoints/final.pt
training-v1,dqn,76,8.000000000000075,30400,0.9849583333333334,,0.0064021749421954155,28401,/export/data/sfan/MLE_final_project/runs/formal_dqn_v1_r1_s11_t1_r500/checkpoints/final.pt
training-v1,dqn,77,13.000000000000083,30800,0.9847604166666667,,0.015835866332054138,28801,/export/data/sfan/MLE_final_project/runs/formal_dqn_v1_r1_s11_t1_r500/checkpoints/final.pt
training-v1,dqn,78,15.999999999999998,31200,0.9845625,,0.009571203030645847,29201,/export/data/sfan/MLE_final_project/runs/formal_dqn_v1_r1_s11_t1_r500/checkpoints/final.pt
training-v1,dqn,79,13.000000000000044,31600,0.9843645833333333,,0.0214687529951334,29601,/export/data/sfan/MLE_final_project/runs/formal_dqn_v1_r1_s11_t1_r500/checkpoints/final.pt
training-v1,dqn,80,8.00000000000008,32000,0.9841666666666666,,0.03918135538697243,30001,/export/data/sfan/MLE_final_project/runs/formal_dqn_v1_r1_s11_t1_r500/checkpoints/final.pt
training-v1,dqn,81,26.99999999999969,32400,0.98396875,,0.013665872626006603,30401,/export/data/sfan/MLE_final_project/runs/formal_dqn_v1_r1_s11_t1_r500/checkpoints/final.pt
training-v1,dqn,82,15.000000000000078,32800,0.9837708333333334,,0.08281635493040085,30801,/export/data/sfan/MLE_final_project/runs/formal_dqn_v1_r1_s11_t1_r500/checkpoints/final.pt
training-v1,dqn,83,21.999999999999766,33200,0.9835729166666667,,0.015183594077825546,31201,/export/data/sfan/MLE_final_project/runs/formal_dqn_v1_r1_s11_t1_r500/checkpoints/final.pt
training-v1,dqn,84,12.000000000000073,33600,0.983375,,0.06717951595783234,31601,/export/data/sfan/MLE_final_project/runs/formal_dqn_v1_r1_s11_t1_r500/checkpoints/final.pt
training-v1,dqn,85,15.999999999999742,34000,0.9831770833333333,,0.01602277345955372,32001,/export/data/sfan/MLE_final_project/runs/formal_dqn_v1_r1_s11_t1_r500/checkpoints/final.pt
training-v1,dqn,86,28.999999999999755,34400,0.9829791666666666,,0.00954009685665369,32401,/export/data/sfan/MLE_final_project/runs/formal_dqn_v1_r1_s11_t1_r500/checkpoints/final.pt
training-v1,dqn,87,12.000000000000028,34800,0.98278125,,0.09330567717552185,32801,/export/data/sfan/MLE_final_project/runs/formal_dqn_v1_r1_s11_t1_r500/checkpoints/final.pt
training-v1,dqn,88,21.000000000000007,35200,0.9825833333333334,,0.01776372268795967,33201,/export/data/sfan/MLE_final_project/runs/formal_dqn_v1_r1_s11_t1_r500/checkpoints/final.pt
training-v1,dqn,89,21.999999999999652,35600,0.9823854166666667,,0.04688139259815216,33601,/export/data/sfan/MLE_final_project/runs/formal_dqn_v1_r1_s11_t1_r500/checkpoints/final.pt
training-v1,dqn,90,17.000000000000032,36000,0.9821875,,0.017057156190276146,34001,/export/data/sfan/MLE_final_project/runs/formal_dqn_v1_r1_s11_t1_r500/checkpoints/final.pt
training-v1,dqn,91,16.000000000000068,36400,0.9819895833333333,,0.02343391627073288,34401,/export/data/sfan/MLE_final_project/runs/formal_dqn_v1_r1_s11_t1_r500/checkpoints/final.pt
training-v1,dqn,92,20.999999999999815,36800,0.9817916666666666,,0.028779014945030212,34801,/export/data/sfan/MLE_final_project/runs/formal_dqn_v1_r1_s11_t1_r500/checkpoints/final.pt
training-v1,dqn,93,17.999999999999932,37200,0.98159375,,0.032991260290145874,35201,/export/data/sfan/MLE_final_project/runs/formal_dqn_v1_r1_s11_t1_r500/checkpoints/final.pt
training-v1,dqn,94,11.00000000000008,37600,0.9813958333333334,,0.006968374829739332,35601,/export/data/sfan/MLE_final_project/runs/formal_dqn_v1_r1_s11_t1_r500/checkpoints/final.pt
training-v1,dqn,95,10.000000000000078,38000,0.9811979166666667,,0.026688238605856895,36001,/export/data/sfan/MLE_final_project/runs/formal_dqn_v1_r1_s11_t1_r500/checkpoints/final.pt
training-v1,dqn,96,22.99999999999978,38400,0.981,,0.04104718565940857,36401,/export/data/sfan/MLE_final_project/runs/formal_dqn_v1_r1_s11_t1_r500/checkpoints/final.pt
training-v1,dqn,97,14.000000000000078,38800,0.9808020833333333,,0.05232769995927811,36801,/export/data/sfan/MLE_final_project/runs/formal_dqn_v1_r1_s11_t1_r500/checkpoints/final.pt
training-v1,dqn,98,10.000000000000078,39200,0.9806041666666667,,0.016152478754520416,37201,/export/data/sfan/MLE_final_project/runs/formal_dqn_v1_r1_s11_t1_r500/checkpoints/final.pt
training-v1,dqn,99,10.000000000000068,39600,0.98040625,,0.009255577810108662,37601,/export/data/sfan/MLE_final_project/runs/formal_dqn_v1_r1_s11_t1_r500/checkpoints/final.pt
training-v1,dqn,100,17.999999999999787,40000,0.9802083333333333,,0.020264388993382454,38001,/export/data/sfan/MLE_final_project/runs/formal_dqn_v1_r1_s11_t1_r500/checkpoints/final.pt
training-v1,dqn,101,22.99999999999977,40400,0.9800104166666667,,0.042486775666475296,38401,/export/data/sfan/MLE_final_project/runs/formal_dqn_v1_r1_s11_t1_r500/checkpoints/final.pt
training-v1,dqn,102,24.99999999999986,40800,0.9798125,,0.040895987302064896,38801,/export/data/sfan/MLE_final_project/runs/formal_dqn_v1_r1_s11_t1_r500/checkpoints/final.pt
training-v1,dqn,103,20.999999999999947,41200,0.9796145833333333,,0.012059097178280354,39201,/export/data/sfan/MLE_final_project/runs/formal_dqn_v1_r1_s11_t1_r500/checkpoints/final.pt
training-v1,dqn,104,14.000000000000078,41600,0.9794166666666667,,0.008373619057238102,39601,/export/data/sfan/MLE_final_project/runs/formal_dqn_v1_r1_s11_t1_r500/checkpoints/final.pt
training-v1,dqn,105,18.999999999999755,42000,0.97921875,,0.033425599336624146,40001,/export/data/sfan/MLE_final_project/runs/formal_dqn_v1_r1_s11_t1_r500/checkpoints/final.pt
training-v1,dqn,106,16.999999999999876,42400,0.9790208333333333,,0.06064407527446747,40401,/export/data/sfan/MLE_final_project/runs/formal_dqn_v1_r1_s11_t1_r500/checkpoints/final.pt
training-v1,dqn,107,20.999999999999808,42800,0.9788229166666667,,0.031530819833278656,40801,/export/data/sfan/MLE_final_project/runs/formal_dqn_v1_r1_s11_t1_r500/checkpoints/final.pt
training-v1,dqn,108,26.999999999999655,43200,0.978625,,0.043646398931741714,41201,/export/data/sfan/MLE_final_project/runs/formal_dqn_v1_r1_s11_t1_r500/checkpoints/final.pt
training-v1,dqn,109,18.999999999999883,43600,0.9784270833333333,,0.02140967920422554,41601,/export/data/sfan/MLE_final_project/runs/formal_dqn_v1_r1_s11_t1_r500/checkpoints/final.pt
training-v1,dqn,110,14.00000000000008,44000,0.9782291666666667,,0.021166767925024033,42001,/export/data/sfan/MLE_final_project/runs/formal_dqn_v1_r1_s11_t1_r500/checkpoints/final.pt
training-v1,dqn,111,11.000000000000076,44400,0.97803125,,0.011335034854710102,42401,/export/data/sfan/MLE_final_project/runs/formal_dqn_v1_r1_s11_t1_r500/checkpoints/final.pt
training-v1,dqn,112,23.999999999999975,44800,0.9778333333333333,,0.033015184104442596,42801,/export/data/sfan/MLE_final_project/runs/formal_dqn_v1_r1_s11_t1_r500/checkpoints/final.pt
training-v1,dqn,113,17.000000000000036,45200,0.9776354166666666,,0.011440426111221313,43201,/export/data/sfan/MLE_final_project/runs/formal_dqn_v1_r1_s11_t1_r500/checkpoints/final.pt
training-v1,dqn,114,22.99999999999982,45600,0.9774375,,0.0226252730935812,43601,/export/data/sfan/MLE_final_project/runs/formal_dqn_v1_r1_s11_t1_r500/checkpoints/final.pt
training-v1,dqn,115,22.99999999999975,46000,0.9772395833333334,,0.050619322806596756,44001,/export/data/sfan/MLE_final_project/runs/formal_dqn_v1_r1_s11_t1_r500/checkpoints/final.pt
training-v1,dqn,116,26.999999999999886,46400,0.9770416666666667,,0.022434530779719353,44401,/export/data/sfan/MLE_final_project/runs/formal_dqn_v1_r1_s11_t1_r500/checkpoints/final.pt
training-v1,dqn,117,14.000000000000082,46800,0.97684375,,0.016244856640696526,44801,/export/data/sfan/MLE_final_project/runs/formal_dqn_v1_r1_s11_t1_r500/checkpoints/final.pt
training-v1,dqn,118,20.999999999999797,47200,0.9766458333333333,,0.020115282386541367,45201,/export/data/sfan/MLE_final_project/runs/formal_dqn_v1_r1_s11_t1_r500/checkpoints/final.pt
training-v1,dqn,119,15.999999999999892,47600,0.9764479166666666,,0.028874872252345085,45601,/export/data/sfan/MLE_final_project/runs/formal_dqn_v1_r1_s11_t1_r500/checkpoints/final.pt
training-v1,dqn,120,17.000000000000025,48000,0.97625,,0.01143124420195818,46001,/export/data/sfan/MLE_final_project/runs/formal_dqn_v1_r1_s11_t1_r500/checkpoints/final.pt
training-v1,dqn,121,16.00000000000007,48400,0.9760520833333334,,0.01858730986714363,46401,/export/data/sfan/MLE_final_project/runs/formal_dqn_v1_r1_s11_t1_r500/checkpoints/final.pt
training-v1,dqn,122,21.99999999999986,48800,0.9758541666666667,,0.036997731775045395,46801,/export/data/sfan/MLE_final_project/runs/formal_dqn_v1_r1_s11_t1_r500/checkpoints/final.pt
training-v1,dqn,123,17.99999999999969,49200,0.97565625,,0.022015132009983063,47201,/export/data/sfan/MLE_final_project/runs/formal_dqn_v1_r1_s11_t1_r500/checkpoints/final.pt
training-v1,dqn,124,18.99999999999986,49600,0.9754583333333333,,0.020480185747146606,47601,/export/data/sfan/MLE_final_project/runs/formal_dqn_v1_r1_s11_t1_r500/checkpoints/final.pt
training-v1,dqn,125,26.999999999999773,50000,0.9752604166666666,,0.008534959517419338,48001,/export/data/sfan/MLE_final_project/runs/formal_dqn_v1_r1_s11_t1_r500/checkpoints/final.pt
training-v1,dqn,126,14.000000000000082,50400,0.9750625,,0.016758454963564873,48401,/export/data/sfan/MLE_final_project/runs/formal_dqn_v1_r1_s11_t1_r500/checkpoints/final.pt
training-v1,dqn,127,20.999999999999677,50800,0.9748645833333334,,0.13716652989387512,48801,/export/data/sfan/MLE_final_project/runs/formal_dqn_v1_r1_s11_t1_r500/checkpoints/final.pt
training-v1,dqn,128,21.9999999999999,51200,0.9746666666666667,,0.03193427249789238,49201,/export/data/sfan/MLE_final_project/runs/formal_dqn_v1_r1_s11_t1_r500/checkpoints/final.pt
training-v1,dqn,129,18.999999999999854,51600,0.97446875,,0.014549040235579014,49601,/export/data/sfan/MLE_final_project/runs/formal_dqn_v1_r1_s11_t1_r500/checkpoints/final.pt
training-v1,dqn,130,19.99999999999979,52000,0.9742708333333333,,0.006680705118924379,50001,/export/data/sfan/MLE_final_project/runs/formal_dqn_v1_r1_s11_t1_r500/checkpoints/final.pt
training-v1,dqn,131,19.000000000000046,52400,0.9740729166666666,,0.02963428758084774,50401,/export/data/sfan/MLE_final_project/runs/formal_dqn_v1_r1_s11_t1_r500/checkpoints/final.pt
training-v1,dqn,132,18.999999999999876,52800,0.973875,,0.03615542873740196,50801,/export/data/sfan/MLE_final_project/runs/formal_dqn_v1_r1_s11_t1_r500/checkpoints/final.pt
training-v1,dqn,133,17.999999999999947,53200,0.9736770833333334,,0.028126763179898262,51201,/export/data/sfan/MLE_final_project/runs/formal_dqn_v1_r1_s11_t1_r500/checkpoints/final.pt
training-v1,dqn,134,24.99999999999976,53600,0.9734791666666667,,0.024005133658647537,51601,/export/data/sfan/MLE_final_project/runs/formal_dqn_v1_r1_s11_t1_r500/checkpoints/final.pt
training-v1,dqn,135,22.999999999999947,54000,0.97328125,,0.0208723284304142,52001,/export/data/sfan/MLE_final_project/runs/formal_dqn_v1_r1_s11_t1_r500/checkpoints/final.pt
training-v1,dqn,136,13.000000000000076,54400,0.9730833333333333,,0.028470396995544434,52401,/export/data/sfan/MLE_final_project/runs/formal_dqn_v1_r1_s11_t1_r500/checkpoints/final.pt
training-v1,dqn,137,11.000000000000075,54800,0.9728854166666667,,0.02657288871705532,52801,/export/data/sfan/MLE_final_project/runs/formal_dqn_v1_r1_s11_t1_r500/checkpoints/final.pt
training-v1,dqn,138,25.999999999999634,55200,0.9726875,,0.03339530900120735,53201,/export/data/sfan/MLE_final_project/runs/formal_dqn_v1_r1_s11_t1_r500/checkpoints/final.pt
training-v1,dqn,139,24.999999999999773,55600,0.9724895833333334,,0.036704812198877335,53601,/export/data/sfan/MLE_final_project/runs/formal_dqn_v1_r1_s11_t1_r500/checkpoints/final.pt
training-v1,dqn,140,16.00000000000006,56000,0.9722916666666667,,0.02071329765021801,54001,/export/data/sfan/MLE_final_project/runs/formal_dqn_v1_r1_s11_t1_r500/checkpoints/final.pt
training-v1,dqn,141,23.99999999999956,56400,0.97209375,,0.08556326478719711,54401,/export/data/sfan/MLE_final_project/runs/formal_dqn_v1_r1_s11_t1_r500/checkpoints/final.pt
training-v1,dqn,142,23.999999999999563,56800,0.9718958333333333,,0.04512381926178932,54801,/export/data/sfan/MLE_final_project/runs/formal_dqn_v1_r1_s11_t1_r500/checkpoints/final.pt
training-v1,dqn,143,17.999999999999858,57200,0.9716979166666667,,0.025737151503562927,55201,/export/data/sfan/MLE_final_project/runs/formal_dqn_v1_r1_s11_t1_r500/checkpoints/final.pt
training-v1,dqn,144,16.999999999999844,57600,0.9715,,0.04731954634189606,55601,/export/data/sfan/MLE_final_project/runs/formal_dqn_v1_r1_s11_t1_r500/checkpoints/final.pt
training-v1,dqn,145,16.000000000000053,58000,0.9713020833333333,,0.03608909249305725,56001,/export/data/sfan/MLE_final_project/runs/formal_dqn_v1_r1_s11_t1_r500/checkpoints/final.pt
training-v1,dqn,146,25.99999999999981,58400,0.9711041666666667,,0.018050290644168854,56401,/export/data/sfan/MLE_final_project/runs/formal_dqn_v1_r1_s11_t1_r500/checkpoints/final.pt
training-v1,dqn,147,16.000000000000036,58800,0.97090625,,0.043011702597141266,56801,/export/data/sfan/MLE_final_project/runs/formal_dqn_v1_r1_s11_t1_r500/checkpoints/final.pt
training-v1,dqn,148,15.000000000000075,59200,0.9707083333333333,,0.013776874169707298,57201,/export/data/sfan/MLE_final_project/runs/formal_dqn_v1_r1_s11_t1_r500/checkpoints/final.pt
training-v1,dqn,149,14.000000000000062,59600,0.9705104166666667,,0.02015656791627407,57601,/export/data/sfan/MLE_final_project/runs/formal_dqn_v1_r1_s11_t1_r500/checkpoints/final.pt
training-v1,dqn,150,18.99999999999999,60000,0.9703125,,0.017713159322738647,58001,/export/data/sfan/MLE_final_project/runs/formal_dqn_v1_r1_s11_t1_r500/checkpoints/final.pt
training-v1,dqn,151,22.99999999999974,60400,0.9701145833333333,,0.03664230927824974,58401,/export/data/sfan/MLE_final_project/runs/formal_dqn_v1_r1_s11_t1_r500/checkpoints/final.pt
training-v1,dqn,152,10.000000000000075,60800,0.9699166666666666,,0.027594629675149918,58801,/export/data/sfan/MLE_final_project/runs/formal_dqn_v1_r1_s11_t1_r500/checkpoints/final.pt
training-v1,dqn,153,15.000000000000083,61200,0.96971875,,0.02637331373989582,59201,/export/data/sfan/MLE_final_project/runs/formal_dqn_v1_r1_s11_t1_r500/checkpoints/final.pt
training-v1,dqn,154,28.999999999999627,61600,0.9695208333333334,,0.03409216180443764,59601,/export/data/sfan/MLE_final_project/runs/formal_dqn_v1_r1_s11_t1_r500/checkpoints/final.pt
training-v1,dqn,155,16.000000000000053,62000,0.9693229166666667,,0.025510424748063087,60001,/export/data/sfan/MLE_final_project/runs/formal_dqn_v1_r1_s11_t1_r500/checkpoints/final.pt
training-v1,dqn,156,15.000000000000066,62400,0.969125,,0.034889981150627136,60401,/export/data/sfan/MLE_final_project/runs/formal_dqn_v1_r1_s11_t1_r500/checkpoints/final.pt
training-v1,dqn,157,17.999999999999925,62800,0.9689270833333333,,0.017664549872279167,60801,/export/data/sfan/MLE_final_project/runs/formal_dqn_v1_r1_s11_t1_r500/checkpoints/final.pt
training-v1,dqn,158,17.000000000000014,63200,0.9687291666666666,,0.0054030753672122955,61201,/export/data/sfan/MLE_final_project/runs/formal_dqn_v1_r1_s11_t1_r500/checkpoints/final.pt
training-v1,dqn,159,19.999999999999854,63600,0.96853125,,0.054391048848629,61601,/export/data/sfan/MLE_final_project/runs/formal_dqn_v1_r1_s11_t1_r500/checkpoints/final.pt
training-v1,dqn,160,15.000000000000059,64000,0.9683333333333334,,0.03166245296597481,62001,/export/data/sfan/MLE_final_project/runs/formal_dqn_v1_r1_s11_t1_r500/checkpoints/final.pt
training-v1,dqn,161,24.999999999999844,64400,0.9681354166666667,,0.01693868264555931,62401,/export/data/sfan/MLE_final_project/runs/formal_dqn_v1_r1_s11_t1_r500/checkpoints/final.pt
training-v1,dqn,162,20.999999999999808,64800,0.9679375,,0.02678949199616909,62801,/export/data/sfan/MLE_final_project/runs/formal_dqn_v1_r1_s11_t1_r500/checkpoints/final.pt
training-v1,dqn,163,17.000000000000043,65200,0.9677395833333333,,0.032635435461997986,63201,/export/data/sfan/MLE_final_project/runs/formal_dqn_v1_r1_s11_t1_r500/checkpoints/final.pt
training-v1,dqn,164,19.000000000000025,65600,0.9675416666666666,,0.01906787045300007,63601,/export/data/sfan/MLE_final_project/runs/formal_dqn_v1_r1_s11_t1_r500/checkpoints/final.pt
training-v1,dqn,165,19.999999999999762,66000,0.96734375,,0.016108563169836998,64001,/export/data/sfan/MLE_final_project/runs/formal_dqn_v1_r1_s11_t1_r500/checkpoints/final.pt
training-v1,dqn,166,22.999999999999638,66400,0.9671458333333334,,0.04394585266709328,64401,/export/data/sfan/MLE_final_project/runs/formal_dqn_v1_r1_s11_t1_r500/checkpoints/final.pt
training-v1,dqn,167,17.000000000000068,66800,0.9669479166666667,,0.011746488511562347,64801,/export/data/sfan/MLE_final_project/runs/formal_dqn_v1_r1_s11_t1_r500/checkpoints/final.pt
training-v1,dqn,168,20.999999999999908,67200,0.96675,,0.02998637594282627,65201,/export/data/sfan/MLE_final_project/runs/formal_dqn_v1_r1_s11_t1_r500/checkpoints/final.pt
training-v1,dqn,169,23.999999999999716,67600,0.9665520833333333,,0.00853521004319191,65601,/export/data/sfan/MLE_final_project/runs/formal_dqn_v1_r1_s11_t1_r500/checkpoints/final.pt
training-v1,dqn,170,20.999999999999922,68000,0.9663541666666666,,0.02003130130469799,66001,/export/data/sfan/MLE_final_project/runs/formal_dqn_v1_r1_s11_t1_r500/checkpoints/final.pt
training-v1,dqn,171,23.999999999999687,68400,0.96615625,,0.055417682975530624,66401,/export/data/sfan/MLE_final_project/runs/formal_dqn_v1_r1_s11_t1_r500/checkpoints/final.pt
training-v1,dqn,172,15.00000000000008,68800,0.9659583333333334,,0.021019766107201576,66801,/export/data/sfan/MLE_final_project/runs/formal_dqn_v1_r1_s11_t1_r500/checkpoints/final.pt
training-v1,dqn,173,16.999999999999677,69200,0.9657604166666667,,0.03353987634181976,67201,/export/data/sfan/MLE_final_project/runs/formal_dqn_v1_r1_s11_t1_r500/checkpoints/final.pt
training-v1,dqn,174,11.000000000000078,69600,0.9655625,,0.010846284218132496,67601,/export/data/sfan/MLE_final_project/runs/formal_dqn_v1_r1_s11_t1_r500/checkpoints/final.pt
training-v1,dqn,175,25.999999999999677,70000,0.9653645833333333,,0.021311625838279724,68001,/export/data/sfan/MLE_final_project/runs/formal_dqn_v1_r1_s11_t1_r500/checkpoints/final.pt
training-v1,dqn,176,16.99999999999999,70400,0.9651666666666666,,0.03156745433807373,68401,/export/data/sfan/MLE_final_project/runs/formal_dqn_v1_r1_s11_t1_r500/checkpoints/final.pt
training-v1,dqn,177,33.9999999999998,70800,0.96496875,,0.01365632377564907,68801,/export/data/sfan/MLE_final_project/runs/formal_dqn_v1_r1_s11_t1_r500/checkpoints/final.pt
training-v1,dqn,178,18.99999999999996,71200,0.9647708333333334,,0.017443573102355003,69201,/export/data/sfan/MLE_final_project/runs/formal_dqn_v1_r1_s11_t1_r500/checkpoints/final.pt
training-v1,dqn,179,12.000000000000082,71600,0.9645729166666667,,0.019012143835425377,69601,/export/data/sfan/MLE_final_project/runs/formal_dqn_v1_r1_s11_t1_r500/checkpoints/final.pt
training-v1,dqn,180,22.999999999999808,72000,0.964375,,0.017049308866262436,70001,/export/data/sfan/MLE_final_project/runs/formal_dqn_v1_r1_s11_t1_r500/checkpoints/final.pt
training-v1,dqn,181,24.999999999999833,72400,0.9641770833333333,,0.020640550181269646,70401,/export/data/sfan/MLE_final_project/runs/formal_dqn_v1_r1_s11_t1_r500/checkpoints/final.pt
training-v1,dqn,182,13.00000000000008,72800,0.9639791666666666,,0.020989634096622467,70801,/export/data/sfan/MLE_final_project/runs/formal_dqn_v1_r1_s11_t1_r500/checkpoints/final.pt
training-v1,dqn,183,22.99999999999964,73200,0.96378125,,0.01407085731625557,71201,/export/data/sfan/MLE_final_project/runs/formal_dqn_v1_r1_s11_t1_r500/checkpoints/final.pt
training-v1,dqn,184,21.999999999999886,73600,0.9635833333333333,,0.020470429211854935,71601,/export/data/sfan/MLE_final_project/runs/formal_dqn_v1_r1_s11_t1_r500/checkpoints/final.pt
training-v1,dqn,185,17.00000000000006,74000,0.9633854166666667,,0.018840104341506958,72001,/export/data/sfan/MLE_final_project/runs/formal_dqn_v1_r1_s11_t1_r500/checkpoints/final.pt
training-v1,dqn,186,17.999999999999936,74400,0.9631875,,0.09261169284582138,72401,/export/data/sfan/MLE_final_project/runs/formal_dqn_v1_r1_s11_t1_r500/checkpoints/final.pt
training-v1,dqn,187,21.99999999999993,74800,0.9629895833333333,,0.08208300173282623,72801,/export/data/sfan/MLE_final_project/runs/formal_dqn_v1_r1_s11_t1_r500/checkpoints/final.pt
training-v1,dqn,188,13.000000000000066,75200,0.9627916666666667,,0.027928641065955162,73201,/export/data/sfan/MLE_final_project/runs/formal_dqn_v1_r1_s11_t1_r500/checkpoints/final.pt
training-v1,dqn,189,12.00000000000008,75600,0.96259375,,0.029022598639130592,73601,/export/data/sfan/MLE_final_project/runs/formal_dqn_v1_r1_s11_t1_r500/checkpoints/final.pt
training-v1,dqn,190,24.999999999999815,76000,0.9623958333333333,,0.015271689742803574,74001,/export/data/sfan/MLE_final_project/runs/formal_dqn_v1_r1_s11_t1_r500/checkpoints/final.pt
training-v1,dqn,191,23.99999999999972,76400,0.9621979166666667,,0.026377953588962555,74401,/export/data/sfan/MLE_final_project/runs/formal_dqn_v1_r1_s11_t1_r500/checkpoints/final.pt
training-v1,dqn,192,20.000000000000007,76800,0.962,,0.010341336950659752,74801,/export/data/sfan/MLE_final_project/runs/formal_dqn_v1_r1_s11_t1_r500/checkpoints/final.pt
training-v1,dqn,193,24.999999999999684,77200,0.9618020833333334,,0.026932833716273308,75201,/export/data/sfan/MLE_final_project/runs/formal_dqn_v1_r1_s11_t1_r500/checkpoints/final.pt
training-v1,dqn,194,15.00000000000008,77600,0.9616041666666667,,0.002354931551963091,75601,/export/data/sfan/MLE_final_project/runs/formal_dqn_v1_r1_s11_t1_r500/checkpoints/final.pt
training-v1,dqn,195,23.999999999999634,78000,0.96140625,,0.00932915136218071,76001,/export/data/sfan/MLE_final_project/runs/formal_dqn_v1_r1_s11_t1_r500/checkpoints/final.pt
training-v1,dqn,196,15.000000000000078,78400,0.9612083333333333,,0.017719672992825508,76401,/export/data/sfan/MLE_final_project/runs/formal_dqn_v1_r1_s11_t1_r500/checkpoints/final.pt
training-v1,dqn,197,18.999999999999773,78800,0.9610104166666666,,0.013873759657144547,76801,/export/data/sfan/MLE_final_project/runs/formal_dqn_v1_r1_s11_t1_r500/checkpoints/final.pt
training-v1,dqn,198,19.999999999999943,79200,0.9608125,,0.02095046453177929,77201,/export/data/sfan/MLE_final_project/runs/formal_dqn_v1_r1_s11_t1_r500/checkpoints/final.pt
training-v1,dqn,199,14.000000000000075,79600,0.9606145833333334,,0.01573803462088108,77601,/export/data/sfan/MLE_final_project/runs/formal_dqn_v1_r1_s11_t1_r500/checkpoints/final.pt
training-v1,dqn,200,13.000000000000059,80000,0.9604166666666667,,0.024616828188300133,78001,/export/data/sfan/MLE_final_project/runs/formal_dqn_v1_r1_s11_t1_r500/checkpoints/final.pt
training-v1,dqn,201,20.999999999999915,80400,0.96021875,,0.024008866399526596,78401,/export/data/sfan/MLE_final_project/runs/formal_dqn_v1_r1_s11_t1_r500/checkpoints/final.pt
training-v1,dqn,202,23.9999999999998,80800,0.9600208333333333,,0.031112346798181534,78801,/export/data/sfan/MLE_final_project/runs/formal_dqn_v1_r1_s11_t1_r500/checkpoints/final.pt
training-v1,dqn,203,19.999999999999893,81200,0.9598229166666666,,0.04285779222846031,79201,/export/data/sfan/MLE_final_project/runs/formal_dqn_v1_r1_s11_t1_r500/checkpoints/final.pt
training-v1,dqn,204,23.999999999999794,81600,0.959625,,0.013767050579190254,79601,/export/data/sfan/MLE_final_project/runs/formal_dqn_v1_r1_s11_t1_r500/checkpoints/final.pt
training-v1,dqn,205,16.999999999999808,82000,0.9594270833333334,,0.022038789466023445,80001,/export/data/sfan/MLE_final_project/runs/formal_dqn_v1_r1_s11_t1_r500/checkpoints/final.pt
training-v1,dqn,206,20.999999999999876,82400,0.9592291666666667,,0.036032866686582565,80401,/export/data/sfan/MLE_final_project/runs/formal_dqn_v1_r1_s11_t1_r500/checkpoints/final.pt
training-v1,dqn,207,26.999999999999726,82800,0.95903125,,0.024543622508645058,80801,/export/data/sfan/MLE_final_project/runs/formal_dqn_v1_r1_s11_t1_r500/checkpoints/final.pt
training-v1,dqn,208,20.999999999999773,83200,0.9588333333333333,,0.029265696182847023,81201,/export/data/sfan/MLE_final_project/runs/formal_dqn_v1_r1_s11_t1_r500/checkpoints/final.pt
training-v1,dqn,209,27.999999999999755,83600,0.9586354166666666,,0.04172615706920624,81601,/export/data/sfan/MLE_final_project/runs/formal_dqn_v1_r1_s11_t1_r500/checkpoints/final.pt
training-v1,dqn,210,18.999999999999837,84000,0.9584375,,0.01775238662958145,82001,/export/data/sfan/MLE_final_project/runs/formal_dqn_v1_r1_s11_t1_r500/checkpoints/final.pt
training-v1,dqn,211,22.999999999999783,84400,0.9582395833333334,,0.0243227556347847,82401,/export/data/sfan/MLE_final_project/runs/formal_dqn_v1_r1_s11_t1_r500/checkpoints/final.pt
training-v1,dqn,212,13.000000000000082,84800,0.9580416666666667,,0.02679642289876938,82801,/export/data/sfan/MLE_final_project/runs/formal_dqn_v1_r1_s11_t1_r500/checkpoints/final.pt
training-v1,dqn,213,18.999999999999822,85200,0.95784375,,0.0178401879966259,83201,/export/data/sfan/MLE_final_project/runs/formal_dqn_v1_r1_s11_t1_r500/checkpoints/final.pt
training-v1,dqn,214,18.999999999999687,85600,0.9576458333333333,,0.01598593033850193,83601,/export/data/sfan/MLE_final_project/runs/formal_dqn_v1_r1_s11_t1_r500/checkpoints/final.pt
training-v1,dqn,215,21.9999999999998,86000,0.9574479166666666,,0.04954540356993675,84001,/export/data/sfan/MLE_final_project/runs/formal_dqn_v1_r1_s11_t1_r500/checkpoints/final.pt
training-v1,dqn,216,18.99999999999995,86400,0.95725,,0.01836782693862915,84401,/export/data/sfan/MLE_final_project/runs/formal_dqn_v1_r1_s11_t1_r500/checkpoints/final.pt
training-v1,dqn,217,16.00000000000002,86800,0.9570520833333334,,0.06098243594169617,84801,/export/data/sfan/MLE_final_project/runs/formal_dqn_v1_r1_s11_t1_r500/checkpoints/final.pt
training-v1,dqn,218,19.99999999999996,87200,0.9568541666666667,,0.018715279176831245,85201,/export/data/sfan/MLE_final_project/runs/formal_dqn_v1_r1_s11_t1_r500/checkpoints/final.pt
training-v1,dqn,219,20.999999999999783,87600,0.95665625,,0.016683679074048996,85601,/export/data/sfan/MLE_final_project/runs/formal_dqn_v1_r1_s11_t1_r500/checkpoints/final.pt
training-v1,dqn,220,15.00000000000007,88000,0.9564583333333333,,0.026004329323768616,86001,/export/data/sfan/MLE_final_project/runs/formal_dqn_v1_r1_s11_t1_r500/checkpoints/final.pt
training-v1,dqn,221,21.999999999999805,88400,0.9562604166666666,,0.024872014299035072,86401,/export/data/sfan/MLE_final_project/runs/formal_dqn_v1_r1_s11_t1_r500/checkpoints/final.pt
training-v1,dqn,222,28.999999999999694,88800,0.9560625,,0.04122130572795868,86801,/export/data/sfan/MLE_final_project/runs/formal_dqn_v1_r1_s11_t1_r500/checkpoints/final.pt
training-v1,dqn,223,20.999999999999936,89200,0.9558645833333334,,0.0162782222032547,87201,/export/data/sfan/MLE_final_project/runs/formal_dqn_v1_r1_s11_t1_r500/checkpoints/final.pt
training-v1,dqn,224,13.000000000000075,89600,0.9556666666666667,,0.008158145472407341,87601,/export/data/sfan/MLE_final_project/runs/formal_dqn_v1_r1_s11_t1_r500/checkpoints/final.pt
training-v1,dqn,225,17.999999999999925,90000,0.95546875,,0.027588963508605957,88001,/export/data/sfan/MLE_final_project/runs/formal_dqn_v1_r1_s11_t1_r500/checkpoints/final.pt
training-v1,dqn,226,19.999999999999904,90400,0.9552708333333333,,0.011605034582316875,88401,/export/data/sfan/MLE_final_project/runs/formal_dqn_v1_r1_s11_t1_r500/checkpoints/final.pt
training-v1,dqn,227,18.999999999999982,90800,0.9550729166666667,,0.01004211325198412,88801,/export/data/sfan/MLE_final_project/runs/formal_dqn_v1_r1_s11_t1_r500/checkpoints/final.pt
training-v1,dqn,228,17.00000000000001,91200,0.954875,,0.01404908113181591,89201,/export/data/sfan/MLE_final_project/runs/formal_dqn_v1_r1_s11_t1_r500/checkpoints/final.pt
training-v1,dqn,229,20.999999999999734,91600,0.9546770833333333,,0.026979690417647362,89601,/export/data/sfan/MLE_final_project/runs/formal_dqn_v1_r1_s11_t1_r500/checkpoints/final.pt
training-v1,dqn,230,19.999999999999662,92000,0.9544791666666667,,0.03513649106025696,90001,/export/data/sfan/MLE_final_project/runs/formal_dqn_v1_r1_s11_t1_r500/checkpoints/final.pt
training-v1,dqn,231,25.999999999999662,92400,0.95428125,,0.022876374423503876,90401,/export/data/sfan/MLE_final_project/runs/formal_dqn_v1_r1_s11_t1_r500/checkpoints/final.pt
training-v1,dqn,232,15.000000000000076,92800,0.9540833333333334,,0.03830216825008392,90801,/export/data/sfan/MLE_final_project/runs/formal_dqn_v1_r1_s11_t1_r500/checkpoints/final.pt
training-v1,dqn,233,26.999999999999584,93200,0.9538854166666667,,0.01400795578956604,91201,/export/data/sfan/MLE_final_project/runs/formal_dqn_v1_r1_s11_t1_r500/checkpoints/final.pt
training-v1,dqn,234,22.99999999999983,93600,0.9536875,,0.030376574024558067,91601,/export/data/sfan/MLE_final_project/runs/formal_dqn_v1_r1_s11_t1_r500/checkpoints/final.pt
training-v1,dqn,235,25.999999999999748,94000,0.9534895833333333,,0.028866391628980637,92001,/export/data/sfan/MLE_final_project/runs/formal_dqn_v1_r1_s11_t1_r500/checkpoints/final.pt
training-v1,dqn,236,17.99999999999984,94400,0.9532916666666666,,0.03163871914148331,92401,/export/data/sfan/MLE_final_project/runs/formal_dqn_v1_r1_s11_t1_r500/checkpoints/final.pt
training-v1,dqn,237,15.000000000000082,94800,0.95309375,,0.07400596886873245,92801,/export/data/sfan/MLE_final_project/runs/formal_dqn_v1_r1_s11_t1_r500/checkpoints/final.pt
training-v1,dqn,238,22.99999999999981,95200,0.9528958333333334,,0.024117112159729004,93201,/export/data/sfan/MLE_final_project/runs/formal_dqn_v1_r1_s11_t1_r500/checkpoints/final.pt
training-v1,dqn,239,15.999999999999924,95600,0.9526979166666667,,0.010354061610996723,93601,/export/data/sfan/MLE_final_project/runs/formal_dqn_v1_r1_s11_t1_r500/checkpoints/final.pt
training-v1,dqn,240,16.999999999999993,96000,0.9525,,0.023350631818175316,94001,/export/data/sfan/MLE_final_project/runs/formal_dqn_v1_r1_s11_t1_r500/checkpoints/final.pt
training-v1,dqn,241,15.000000000000068,96400,0.9523020833333333,,0.012892665341496468,94401,/export/data/sfan/MLE_final_project/runs/formal_dqn_v1_r1_s11_t1_r500/checkpoints/final.pt
training-v1,dqn,242,15.999999999999906,96800,0.9521041666666666,,0.036203838884830475,94801,/export/data/sfan/MLE_final_project/runs/formal_dqn_v1_r1_s11_t1_r500/checkpoints/final.pt
training-v1,dqn,243,20.99999999999982,97200,0.95190625,,0.02844485081732273,95201,/export/data/sfan/MLE_final_project/runs/formal_dqn_v1_r1_s11_t1_r500/checkpoints/final.pt
training-v1,dqn,244,17.999999999999698,97600,0.9517083333333334,,0.018019281327724457,95601,/export/data/sfan/MLE_final_project/runs/formal_dqn_v1_r1_s11_t1_r500/checkpoints/final.pt
training-v1,dqn,245,17.999999999999936,98000,0.9515104166666667,,0.021300887688994408,96001,/export/data/sfan/MLE_final_project/runs/formal_dqn_v1_r1_s11_t1_r500/checkpoints/final.pt
training-v1,dqn,246,25.99999999999964,98400,0.9513125,,0.03854526951909065,96401,/export/data/sfan/MLE_final_project/runs/formal_dqn_v1_r1_s11_t1_r500/checkpoints/final.pt
training-v1,dqn,247,25.999999999999652,98800,0.9511145833333333,,0.03943578526377678,96801,/export/data/sfan/MLE_final_project/runs/formal_dqn_v1_r1_s11_t1_r500/checkpoints/final.pt
training-v1,dqn,248,28.99999999999983,99200,0.9509166666666666,,0.03384287655353546,97201,/export/data/sfan/MLE_final_project/runs/formal_dqn_v1_r1_s11_t1_r500/checkpoints/final.pt
training-v1,dqn,249,24.999999999999854,99600,0.9507187500000001,,0.03716468811035156,97601,/export/data/sfan/MLE_final_project/runs/formal_dqn_v1_r1_s11_t1_r500/checkpoints/final.pt
training-v1,dqn,250,15.000000000000082,100000,0.9505208333333334,,0.022816753014922142,98001,/export/data/sfan/MLE_final_project/runs/formal_dqn_v1_r1_s11_t1_r500/checkpoints/final.pt
training-v1,dqn,251,18.999999999999936,100400,0.9503229166666667,,0.10962846130132675,98401,/export/data/sfan/MLE_final_project/runs/formal_dqn_v1_r1_s11_t1_r500/checkpoints/final.pt
training-v1,dqn,252,29.999999999999826,100800,0.950125,,0.022204311564564705,98801,/export/data/sfan/MLE_final_project/runs/formal_dqn_v1_r1_s11_t1_r500/checkpoints/final.pt
training-v1,dqn,253,22.999999999999723,101200,0.9499270833333333,,0.026764212176203728,99201,/export/data/sfan/MLE_final_project/runs/formal_dqn_v1_r1_s11_t1_r500/checkpoints/final.pt
training-v1,dqn,254,20.999999999999897,101600,0.9497291666666666,,0.048510488122701645,99601,/export/data/sfan/MLE_final_project/runs/formal_dqn_v1_r1_s11_t1_r500/checkpoints/final.pt
training-v1,dqn,255,9.000000000000082,102000,0.94953125,,0.02417868562042713,100001,/export/data/sfan/MLE_final_project/runs/formal_dqn_v1_r1_s11_t1_r500/checkpoints/final.pt
training-v1,dqn,256,21.999999999999716,102400,0.9493333333333334,,0.033573515713214874,100401,/export/data/sfan/MLE_final_project/runs/formal_dqn_v1_r1_s11_t1_r500/checkpoints/final.pt
training-v1,dqn,257,7.00000000000008,102800,0.9491354166666667,,0.014412306249141693,100801,/export/data/sfan/MLE_final_project/runs/formal_dqn_v1_r1_s11_t1_r500/checkpoints/final.pt
training-v1,dqn,258,21.999999999999616,103200,0.9489375,,0.019754774868488312,101201,/export/data/sfan/MLE_final_project/runs/formal_dqn_v1_r1_s11_t1_r500/checkpoints/final.pt
training-v1,dqn,259,23.99999999999992,103600,0.9487395833333333,,0.028272707015275955,101601,/export/data/sfan/MLE_final_project/runs/formal_dqn_v1_r1_s11_t1_r500/checkpoints/final.pt
training-v1,dqn,260,15.999999999999899,104000,0.9485416666666666,,0.01808466762304306,102001,/export/data/sfan/MLE_final_project/runs/formal_dqn_v1_r1_s11_t1_r500/checkpoints/final.pt
training-v1,dqn,261,16.999999999999925,104400,0.94834375,,0.03616559877991676,102401,/export/data/sfan/MLE_final_project/runs/formal_dqn_v1_r1_s11_t1_r500/checkpoints/final.pt
training-v1,dqn,262,18.999999999999762,104800,0.9481458333333334,,0.03442257270216942,102801,/export/data/sfan/MLE_final_project/runs/formal_dqn_v1_r1_s11_t1_r500/checkpoints/final.pt
training-v1,dqn,263,22.99999999999995,105200,0.9479479166666667,,0.015259522944688797,103201,/export/data/sfan/MLE_final_project/runs/formal_dqn_v1_r1_s11_t1_r500/checkpoints/final.pt
training-v1,dqn,264,20.999999999999808,105600,0.94775,,0.10918516665697098,103601,/export/data/sfan/MLE_final_project/runs/formal_dqn_v1_r1_s11_t1_r500/checkpoints/final.pt
training-v1,dqn,265,19.99999999999979,106000,0.9475520833333333,,0.09518221020698547,104001,/export/data/sfan/MLE_final_project/runs/formal_dqn_v1_r1_s11_t1_r500/checkpoints/final.pt
training-v1,dqn,266,23.9999999999997,106400,0.9473541666666667,,0.029217006638646126,104401,/export/data/sfan/MLE_final_project/runs/formal_dqn_v1_r1_s11_t1_r500/checkpoints/final.pt
training-v1,dqn,267,25.999999999999897,106800,0.94715625,,0.010255596600472927,104801,/export/data/sfan/MLE_final_project/runs/formal_dqn_v1_r1_s11_t1_r500/checkpoints/final.pt
training-v1,dqn,268,24.999999999999684,107200,0.9469583333333333,,0.03323660418391228,105201,/export/data/sfan/MLE_final_project/runs/formal_dqn_v1_r1_s11_t1_r500/checkpoints/final.pt
training-v1,dqn,269,18.99999999999997,107600,0.9467604166666667,,0.04603307321667671,105601,/export/data/sfan/MLE_final_project/runs/formal_dqn_v1_r1_s11_t1_r500/checkpoints/final.pt
training-v1,dqn,270,18.999999999999954,108000,0.9465625,,0.008404452353715897,106001,/export/data/sfan/MLE_final_project/runs/formal_dqn_v1_r1_s11_t1_r500/checkpoints/final.pt
training-v1,dqn,271,14.000000000000075,108400,0.9463645833333333,,0.012333078309893608,106401,/export/data/sfan/MLE_final_project/runs/formal_dqn_v1_r1_s11_t1_r500/checkpoints/final.pt
training-v1,dqn,272,17.999999999999808,108800,0.9461666666666667,,0.048734962940216064,106801,/export/data/sfan/MLE_final_project/runs/formal_dqn_v1_r1_s11_t1_r500/checkpoints/final.pt
training-v1,dqn,273,25.999999999999776,109200,0.94596875,,0.03224346786737442,107201,/export/data/sfan/MLE_final_project/runs/formal_dqn_v1_r1_s11_t1_r500/checkpoints/final.pt
training-v1,dqn,274,21.999999999999847,109600,0.9457708333333333,,0.01471007615327835,107601,/export/data/sfan/MLE_final_project/runs/formal_dqn_v1_r1_s11_t1_r500/checkpoints/final.pt
training-v1,dqn,275,20.999999999999616,110000,0.9455729166666667,,0.038889385759830475,108001,/export/data/sfan/MLE_final_project/runs/formal_dqn_v1_r1_s11_t1_r500/checkpoints/final.pt
training-v1,dqn,276,30.999999999999655,110400,0.945375,,0.01523758564144373,108401,/export/data/sfan/MLE_final_project/runs/formal_dqn_v1_r1_s11_t1_r500/checkpoints/final.pt
training-v1,dqn,277,25.9999999999997,110800,0.9451770833333333,,0.050941627472639084,108801,/export/data/sfan/MLE_final_project/runs/formal_dqn_v1_r1_s11_t1_r500/checkpoints/final.pt
training-v1,dqn,278,14.000000000000059,111200,0.9449791666666667,,0.10053039342164993,109201,/export/data/sfan/MLE_final_project/runs/formal_dqn_v1_r1_s11_t1_r500/checkpoints/final.pt
training-v1,dqn,279,21.99999999999996,111600,0.94478125,,0.017369728535413742,109601,/export/data/sfan/MLE_final_project/runs/formal_dqn_v1_r1_s11_t1_r500/checkpoints/final.pt
training-v1,dqn,280,28.999999999999833,112000,0.9445833333333333,,0.03644590824842453,110001,/export/data/sfan/MLE_final_project/runs/formal_dqn_v1_r1_s11_t1_r500/checkpoints/final.pt
training-v1,dqn,281,25.9999999999996,112400,0.9443854166666666,,0.05076621100306511,110401,/export/data/sfan/MLE_final_project/runs/formal_dqn_v1_r1_s11_t1_r500/checkpoints/final.pt
training-v1,dqn,282,19.99999999999988,112800,0.9441875,,0.028206609189510345,110801,/export/data/sfan/MLE_final_project/runs/formal_dqn_v1_r1_s11_t1_r500/checkpoints/final.pt
training-v1,dqn,283,15.000000000000082,113200,0.9439895833333334,,0.038973674178123474,111201,/export/data/sfan/MLE_final_project/runs/formal_dqn_v1_r1_s11_t1_r500/checkpoints/final.pt
training-v1,dqn,284,18.999999999999936,113600,0.9437916666666667,,0.049982231110334396,111601,/export/data/sfan/MLE_final_project/runs/formal_dqn_v1_r1_s11_t1_r500/checkpoints/final.pt
training-v1,dqn,285,18.000000000000007,114000,0.94359375,,0.012982177548110485,112001,/export/data/sfan/MLE_final_project/runs/formal_dqn_v1_r1_s11_t1_r500/checkpoints/final.pt
training-v1,dqn,286,25.9999999999996,114400,0.9433958333333333,,0.03244461119174957,112401,/export/data/sfan/MLE_final_project/runs/formal_dqn_v1_r1_s11_t1_r500/checkpoints/final.pt
training-v1,dqn,287,21.999999999999932,114800,0.9431979166666666,,0.11345536261796951,112801,/export/data/sfan/MLE_final_project/runs/formal_dqn_v1_r1_s11_t1_r500/checkpoints/final.pt
training-v1,dqn,288,24.999999999999922,115200,0.9430000000000001,,0.028052758425474167,113201,/export/data/sfan/MLE_final_project/runs/formal_dqn_v1_r1_s11_t1_r500/checkpoints/final.pt
training-v1,dqn,289,26.999999999999854,115600,0.9428020833333334,,0.02554904855787754,113601,/export/data/sfan/MLE_final_project/runs/formal_dqn_v1_r1_s11_t1_r500/checkpoints/final.pt
training-v1,dqn,290,22.999999999999755,116000,0.9426041666666667,,0.021816939115524292,114001,/export/data/sfan/MLE_final_project/runs/formal_dqn_v1_r1_s11_t1_r500/checkpoints/final.pt
training-v1,dqn,291,19.999999999999773,116400,0.94240625,,0.05516375973820686,114401,/export/data/sfan/MLE_final_project/runs/formal_dqn_v1_r1_s11_t1_r500/checkpoints/final.pt
training-v1,dqn,292,21.99999999999986,116800,0.9422083333333333,,0.011355672962963581,114801,/export/data/sfan/MLE_final_project/runs/formal_dqn_v1_r1_s11_t1_r500/checkpoints/final.pt
training-v1,dqn,293,17.00000000000006,117200,0.9420104166666666,,0.025905538350343704,115201,/export/data/sfan/MLE_final_project/runs/formal_dqn_v1_r1_s11_t1_r500/checkpoints/final.pt
training-v1,dqn,294,31.99999999999969,117600,0.9418125,,0.024268735200166702,115601,/export/data/sfan/MLE_final_project/runs/formal_dqn_v1_r1_s11_t1_r500/checkpoints/final.pt
training-v1,dqn,295,24.999999999999748,118000,0.9416145833333334,,0.02531571500003338,116001,/export/data/sfan/MLE_final_project/runs/formal_dqn_v1_r1_s11_t1_r500/checkpoints/final.pt
training-v1,dqn,296,16.99999999999982,118400,0.9414166666666667,,0.028026361018419266,116401,/export/data/sfan/MLE_final_project/runs/formal_dqn_v1_r1_s11_t1_r500/checkpoints/final.pt
training-v1,dqn,297,20.999999999999858,118800,0.94121875,,0.045274294912815094,116801,/export/data/sfan/MLE_final_project/runs/formal_dqn_v1_r1_s11_t1_r500/checkpoints/final.pt
training-v1,dqn,298,22.999999999999986,119200,0.9410208333333333,,0.0723661407828331,117201,/export/data/sfan/MLE_final_project/runs/formal_dqn_v1_r1_s11_t1_r500/checkpoints/final.pt
training-v1,dqn,299,21.999999999999748,119600,0.9408229166666666,,0.016924450173974037,117601,/export/data/sfan/MLE_final_project/runs/formal_dqn_v1_r1_s11_t1_r500/checkpoints/final.pt
training-v1,dqn,300,16.999999999999964,120000,0.940625,,0.04222184792160988,118001,/export/data/sfan/MLE_final_project/runs/formal_dqn_v1_r1_s11_t1_r500/checkpoints/final.pt
training-v1,dqn,301,19.99999999999979,120400,0.9404270833333334,,0.03680802509188652,118401,/export/data/sfan/MLE_final_project/runs/formal_dqn_v1_r1_s11_t1_r500/checkpoints/final.pt
training-v1,dqn,302,22.99999999999979,120800,0.9402291666666667,,0.03406742960214615,118801,/export/data/sfan/MLE_final_project/runs/formal_dqn_v1_r1_s11_t1_r500/checkpoints/final.pt
training-v1,dqn,303,25.999999999999638,121200,0.94003125,,0.041357070207595825,119201,/export/data/sfan/MLE_final_project/runs/formal_dqn_v1_r1_s11_t1_r500/checkpoints/final.pt
training-v1,dqn,304,20.999999999999677,121600,0.9398333333333333,,0.0304913017898798,119601,/export/data/sfan/MLE_final_project/runs/formal_dqn_v1_r1_s11_t1_r500/checkpoints/final.pt
training-v1,dqn,305,29.999999999999606,122000,0.9396354166666667,,0.02943621575832367,120001,/export/data/sfan/MLE_final_project/runs/formal_dqn_v1_r1_s11_t1_r500/checkpoints/final.pt
training-v1,dqn,306,18.999999999999815,122400,0.9394375,,0.029097583144903183,120401,/export/data/sfan/MLE_final_project/runs/formal_dqn_v1_r1_s11_t1_r500/checkpoints/final.pt
training-v1,dqn,307,23.999999999999805,122800,0.9392395833333333,,0.05712005868554115,120801,/export/data/sfan/MLE_final_project/runs/formal_dqn_v1_r1_s11_t1_r500/checkpoints/final.pt
training-v1,dqn,308,20.999999999999766,123200,0.9390416666666667,,0.03252498060464859,121201,/export/data/sfan/MLE_final_project/runs/formal_dqn_v1_r1_s11_t1_r500/checkpoints/final.pt
training-v1,dqn,309,26.99999999999966,123600,0.93884375,,0.03652917966246605,121601,/export/data/sfan/MLE_final_project/runs/formal_dqn_v1_r1_s11_t1_r500/checkpoints/final.pt
training-v1,dqn,310,15.000000000000083,124000,0.9386458333333333,,0.028428684920072556,122001,/export/data/sfan/MLE_final_project/runs/formal_dqn_v1_r1_s11_t1_r500/checkpoints/final.pt
training-v1,dqn,311,23.999999999999666,124400,0.9384479166666667,,0.030120527371764183,122401,/export/data/sfan/MLE_final_project/runs/formal_dqn_v1_r1_s11_t1_r500/checkpoints/final.pt
training-v1,dqn,312,17.99999999999989,124800,0.93825,,0.028343822807073593,122801,/export/data/sfan/MLE_final_project/runs/formal_dqn_v1_r1_s11_t1_r500/checkpoints/final.pt
training-v1,dqn,313,15.999999999999948,125200,0.9380520833333333,,0.03267136961221695,123201,/export/data/sfan/MLE_final_project/runs/formal_dqn_v1_r1_s11_t1_r500/checkpoints/final.pt
training-v1,dqn,314,27.99999999999975,125600,0.9378541666666667,,0.0293257012963295,123601,/export/data/sfan/MLE_final_project/runs/formal_dqn_v1_r1_s11_t1_r500/checkpoints/final.pt
training-v1,dqn,315,17.999999999999996,126000,0.93765625,,0.03221121430397034,124001,/export/data/sfan/MLE_final_project/runs/formal_dqn_v1_r1_s11_t1_r500/checkpoints/final.pt
training-v1,dqn,316,15.000000000000078,126400,0.9374583333333333,,0.0387418195605278,124401,/export/data/sfan/MLE_final_project/runs/formal_dqn_v1_r1_s11_t1_r500/checkpoints/final.pt
training-v1,dqn,317,14.999999999999963,126800,0.9372604166666667,,0.03247217461466789,124801,/export/data/sfan/MLE_final_project/runs/formal_dqn_v1_r1_s11_t1_r500/checkpoints/final.pt
training-v1,dqn,318,25.999999999999652,127200,0.9370625,,0.03099655732512474,125201,/export/data/sfan/MLE_final_project/runs/formal_dqn_v1_r1_s11_t1_r500/checkpoints/final.pt
training-v1,dqn,319,18.999999999999975,127600,0.9368645833333333,,0.07776936143636703,125601,/export/data/sfan/MLE_final_project/runs/formal_dqn_v1_r1_s11_t1_r500/checkpoints/final.pt
training-v1,dqn,320,25.99999999999957,128000,0.9366666666666666,,0.037949319928884506,126001,/export/data/sfan/MLE_final_project/runs/formal_dqn_v1_r1_s11_t1_r500/checkpoints/final.pt
training-v1,dqn,321,21.99999999999967,128400,0.93646875,,0.11239472031593323,126401,/export/data/sfan/MLE_final_project/runs/formal_dqn_v1_r1_s11_t1_r500/checkpoints/final.pt
training-v1,dqn,322,22.999999999999595,128800,0.9362708333333334,,0.06204669922590256,126801,/export/data/sfan/MLE_final_project/runs/formal_dqn_v1_r1_s11_t1_r500/checkpoints/final.pt
training-v1,dqn,323,26.999999999999787,129200,0.9360729166666667,,0.025100907310843468,127201,/export/data/sfan/MLE_final_project/runs/formal_dqn_v1_r1_s11_t1_r500/checkpoints/final.pt
training-v1,dqn,324,33.00000000000005,129600,0.935875,,0.034822627902030945,127601,/export/data/sfan/MLE_final_project/runs/formal_dqn_v1_r1_s11_t1_r500/checkpoints/final.pt
training-v1,dqn,325,18.999999999999936,130000,0.9356770833333333,,0.0223244521766901,128001,/export/data/sfan/MLE_final_project/runs/formal_dqn_v1_r1_s11_t1_r500/checkpoints/final.pt
training-v1,dqn,326,25.99999999999977,130400,0.9354791666666666,,0.017964370548725128,128401,/export/data/sfan/MLE_final_project/runs/formal_dqn_v1_r1_s11_t1_r500/checkpoints/final.pt
training-v1,dqn,327,22.999999999999755,130800,0.93528125,,0.02116999588906765,128801,/export/data/sfan/MLE_final_project/runs/formal_dqn_v1_r1_s11_t1_r500/checkpoints/final.pt
training-v1,dqn,328,19.999999999999723,131200,0.9350833333333334,,0.051436249166727066,129201,/export/data/sfan/MLE_final_project/runs/formal_dqn_v1_r1_s11_t1_r500/checkpoints/final.pt
training-v1,dqn,329,18.999999999999805,131600,0.9348854166666667,,0.01740018092095852,129601,/export/data/sfan/MLE_final_project/runs/formal_dqn_v1_r1_s11_t1_r500/checkpoints/final.pt
training-v1,dqn,330,26.999999999999673,132000,0.9346875,,0.017703469842672348,130001,/export/data/sfan/MLE_final_project/runs/formal_dqn_v1_r1_s11_t1_r500/checkpoints/final.pt
training-v1,dqn,331,8.00000000000007,132400,0.9344895833333333,,0.022694170475006104,130401,/export/data/sfan/MLE_final_project/runs/formal_dqn_v1_r1_s11_t1_r500/checkpoints/final.pt
training-v1,dqn,332,24.99999999999963,132800,0.9342916666666666,,0.033259209245443344,130801,/export/data/sfan/MLE_final_project/runs/formal_dqn_v1_r1_s11_t1_r500/checkpoints/final.pt
training-v1,dqn,333,21.999999999999808,133200,0.93409375,,0.0709490180015564,131201,/export/data/sfan/MLE_final_project/runs/formal_dqn_v1_r1_s11_t1_r500/checkpoints/final.pt
training-v1,dqn,334,20.00000000000001,133600,0.9338958333333334,,0.02884100005030632,131601,/export/data/sfan/MLE_final_project/runs/formal_dqn_v1_r1_s11_t1_r500/checkpoints/final.pt
training-v1,dqn,335,18.99999999999993,134000,0.9336979166666667,,0.013388079591095448,132001,/export/data/sfan/MLE_final_project/runs/formal_dqn_v1_r1_s11_t1_r500/checkpoints/final.pt
training-v1,dqn,336,18.0,134400,0.9335,,0.05493687838315964,132401,/export/data/sfan/MLE_final_project/runs/formal_dqn_v1_r1_s11_t1_r500/checkpoints/final.pt
training-v1,dqn,337,27.999999999999734,134800,0.9333020833333333,,0.029578737914562225,132801,/export/data/sfan/MLE_final_project/runs/formal_dqn_v1_r1_s11_t1_r500/checkpoints/final.pt
training-v1,dqn,338,30.99999999999973,135200,0.9331041666666666,,0.01867702230811119,133201,/export/data/sfan/MLE_final_project/runs/formal_dqn_v1_r1_s11_t1_r500/checkpoints/final.pt
training-v1,dqn,339,17.99999999999998,135600,0.93290625,,0.02463044784963131,133601,/export/data/sfan/MLE_final_project/runs/formal_dqn_v1_r1_s11_t1_r500/checkpoints/final.pt
training-v1,dqn,340,20.999999999999908,136000,0.9327083333333334,,0.020498979836702347,134001,/export/data/sfan/MLE_final_project/runs/formal_dqn_v1_r1_s11_t1_r500/checkpoints/final.pt
training-v1,dqn,341,19.99999999999985,136400,0.9325104166666667,,0.013393498957157135,134401,/export/data/sfan/MLE_final_project/runs/formal_dqn_v1_r1_s11_t1_r500/checkpoints/final.pt
training-v1,dqn,342,25.9999999999997,136800,0.9323125,,0.015239065513014793,134801,/export/data/sfan/MLE_final_project/runs/formal_dqn_v1_r1_s11_t1_r500/checkpoints/final.pt
training-v1,dqn,343,22.999999999999645,137200,0.9321145833333333,,0.054139405488967896,135201,/export/data/sfan/MLE_final_project/runs/formal_dqn_v1_r1_s11_t1_r500/checkpoints/final.pt
training-v1,dqn,344,29.999999999999698,137600,0.9319166666666667,,0.030487868934869766,135601,/export/data/sfan/MLE_final_project/runs/formal_dqn_v1_r1_s11_t1_r500/checkpoints/final.pt
training-v1,dqn,345,13.000000000000082,138000,0.93171875,,0.016698837280273438,136001,/export/data/sfan/MLE_final_project/runs/formal_dqn_v1_r1_s11_t1_r500/checkpoints/final.pt
training-v1,dqn,346,22.99999999999967,138400,0.9315208333333334,,0.02387346141040325,136401,/export/data/sfan/MLE_final_project/runs/formal_dqn_v1_r1_s11_t1_r500/checkpoints/final.pt
training-v1,dqn,347,16.00000000000008,138800,0.9313229166666667,,0.018352141603827477,136801,/export/data/sfan/MLE_final_project/runs/formal_dqn_v1_r1_s11_t1_r500/checkpoints/final.pt
training-v1,dqn,348,21.99999999999964,139200,0.931125,,0.014972278848290443,137201,/export/data/sfan/MLE_final_project/runs/formal_dqn_v1_r1_s11_t1_r500/checkpoints/final.pt
training-v1,dqn,349,29.999999999999847,139600,0.9309270833333333,,0.07631729543209076,137601,/export/data/sfan/MLE_final_project/runs/formal_dqn_v1_r1_s11_t1_r500/checkpoints/final.pt
training-v1,dqn,350,19.000000000000032,140000,0.9307291666666666,,0.011486711911857128,138001,/export/data/sfan/MLE_final_project/runs/formal_dqn_v1_r1_s11_t1_r500/checkpoints/final.pt
training-v1,dqn,351,26.99999999999972,140400,0.93053125,,0.10488183796405792,138401,/export/data/sfan/MLE_final_project/runs/formal_dqn_v1_r1_s11_t1_r500/checkpoints/final.pt
training-v1,dqn,352,17.999999999999773,140800,0.9303333333333333,,0.024058490991592407,138801,/export/data/sfan/MLE_final_project/runs/formal_dqn_v1_r1_s11_t1_r500/checkpoints/final.pt
training-v1,dqn,353,24.99999999999974,141200,0.9301354166666667,,0.04303363710641861,139201,/export/data/sfan/MLE_final_project/runs/formal_dqn_v1_r1_s11_t1_r500/checkpoints/final.pt
training-v1,dqn,354,27.99999999999968,141600,0.9299375,,0.042244747281074524,139601,/export/data/sfan/MLE_final_project/runs/formal_dqn_v1_r1_s11_t1_r500/checkpoints/final.pt
training-v1,dqn,355,30.999999999999634,142000,0.9297395833333333,,0.03903702646493912,140001,/export/data/sfan/MLE_final_project/runs/formal_dqn_v1_r1_s11_t1_r500/checkpoints/final.pt
training-v1,dqn,356,13.000000000000078,142400,0.9295416666666667,,0.012392929755151272,140401,/export/data/sfan/MLE_final_project/runs/formal_dqn_v1_r1_s11_t1_r500/checkpoints/final.pt
training-v1,dqn,357,20.999999999999655,142800,0.92934375,,0.04125075042247772,140801,/export/data/sfan/MLE_final_project/runs/formal_dqn_v1_r1_s11_t1_r500/checkpoints/final.pt
training-v1,dqn,358,24.999999999999652,143200,0.9291458333333333,,0.056144122034311295,141201,/export/data/sfan/MLE_final_project/runs/formal_dqn_v1_r1_s11_t1_r500/checkpoints/final.pt
training-v1,dqn,359,17.00000000000007,143600,0.9289479166666667,,0.03473535180091858,141601,/export/data/sfan/MLE_final_project/runs/formal_dqn_v1_r1_s11_t1_r500/checkpoints/final.pt
training-v1,dqn,360,18.999999999999904,144000,0.92875,,0.02423631213605404,142001,/export/data/sfan/MLE_final_project/runs/formal_dqn_v1_r1_s11_t1_r500/checkpoints/final.pt
training-v1,dqn,361,20.99999999999979,144400,0.9285520833333334,,0.021016888320446014,142401,/export/data/sfan/MLE_final_project/runs/formal_dqn_v1_r1_s11_t1_r500/checkpoints/final.pt
training-v1,dqn,362,25.99999999999978,144800,0.9283541666666667,,0.022229328751564026,142801,/export/data/sfan/MLE_final_project/runs/formal_dqn_v1_r1_s11_t1_r500/checkpoints/final.pt
training-v1,dqn,363,31.99999999999972,145200,0.92815625,,0.035049594938755035,143201,/export/data/sfan/MLE_final_project/runs/formal_dqn_v1_r1_s11_t1_r500/checkpoints/final.pt
training-v1,dqn,364,24.99999999999981,145600,0.9279583333333333,,0.034222476184368134,143601,/export/data/sfan/MLE_final_project/runs/formal_dqn_v1_r1_s11_t1_r500/checkpoints/final.pt
training-v1,dqn,365,19.99999999999995,146000,0.9277604166666666,,0.10300815850496292,144001,/export/data/sfan/MLE_final_project/runs/formal_dqn_v1_r1_s11_t1_r500/checkpoints/final.pt
training-v1,dqn,366,27.999999999999726,146400,0.9275625,,0.029741276055574417,144401,/export/data/sfan/MLE_final_project/runs/formal_dqn_v1_r1_s11_t1_r500/checkpoints/final.pt
training-v1,dqn,367,27.999999999999932,146800,0.9273645833333334,,0.020441951230168343,144801,/export/data/sfan/MLE_final_project/runs/formal_dqn_v1_r1_s11_t1_r500/checkpoints/final.pt
training-v1,dqn,368,17.000000000000053,147200,0.9271666666666667,,0.012585336342453957,145201,/export/data/sfan/MLE_final_project/runs/formal_dqn_v1_r1_s11_t1_r500/checkpoints/final.pt
training-v1,dqn,369,19.999999999999932,147600,0.92696875,,0.027282413095235825,145601,/export/data/sfan/MLE_final_project/runs/formal_dqn_v1_r1_s11_t1_r500/checkpoints/final.pt
training-v1,dqn,370,23.999999999999776,148000,0.9267708333333333,,0.032783180475234985,146001,/export/data/sfan/MLE_final_project/runs/formal_dqn_v1_r1_s11_t1_r500/checkpoints/final.pt
training-v1,dqn,371,23.99999999999962,148400,0.9265729166666666,,0.015583271160721779,146401,/export/data/sfan/MLE_final_project/runs/formal_dqn_v1_r1_s11_t1_r500/checkpoints/final.pt
training-v1,dqn,372,24.999999999999694,148800,0.926375,,0.03161117807030678,146801,/export/data/sfan/MLE_final_project/runs/formal_dqn_v1_r1_s11_t1_r500/checkpoints/final.pt
training-v1,dqn,373,21.99999999999976,149200,0.9261770833333334,,0.020530756562948227,147201,/export/data/sfan/MLE_final_project/runs/formal_dqn_v1_r1_s11_t1_r500/checkpoints/final.pt
training-v1,dqn,374,25.999999999999822,149600,0.9259791666666667,,0.016763795167207718,147601,/export/data/sfan/MLE_final_project/runs/formal_dqn_v1_r1_s11_t1_r500/checkpoints/final.pt
training-v1,dqn,375,13.00000000000008,150000,0.92578125,,0.032634150236845016,148001,/export/data/sfan/MLE_final_project/runs/formal_dqn_v1_r1_s11_t1_r500/checkpoints/final.pt
training-v1,dqn,376,26.99999999999967,150400,0.9255833333333333,,0.028859512880444527,148401,/export/data/sfan/MLE_final_project/runs/formal_dqn_v1_r1_s11_t1_r500/checkpoints/final.pt
training-v1,dqn,377,22.999999999999925,150800,0.9253854166666666,,0.03148702159523964,148801,/export/data/sfan/MLE_final_project/runs/formal_dqn_v1_r1_s11_t1_r500/checkpoints/final.pt
training-v1,dqn,378,19.999999999999822,151200,0.9251875,,0.012850800529122353,149201,/export/data/sfan/MLE_final_project/runs/formal_dqn_v1_r1_s11_t1_r500/checkpoints/final.pt
training-v1,dqn,379,17.999999999999904,151600,0.9249895833333334,,0.010577168315649033,149601,/export/data/sfan/MLE_final_project/runs/formal_dqn_v1_r1_s11_t1_r500/checkpoints/final.pt
training-v1,dqn,380,22.99999999999986,152000,0.9247916666666667,,0.029964743182063103,150001,/export/data/sfan/MLE_final_project/runs/formal_dqn_v1_r1_s11_t1_r500/checkpoints/final.pt
training-v1,dqn,381,21.99999999999994,152400,0.92459375,,0.004341636318713427,150401,/export/data/sfan/MLE_final_project/runs/formal_dqn_v1_r1_s11_t1_r500/checkpoints/final.pt
training-v1,dqn,382,22.99999999999978,152800,0.9243958333333333,,0.03808191418647766,150801,/export/data/sfan/MLE_final_project/runs/formal_dqn_v1_r1_s11_t1_r500/checkpoints/final.pt
training-v1,dqn,383,34.999999999999986,153200,0.9241979166666667,,0.031998179852962494,151201,/export/data/sfan/MLE_final_project/runs/formal_dqn_v1_r1_s11_t1_r500/checkpoints/final.pt
training-v1,dqn,384,22.99999999999982,153600,0.924,,0.03353207930922508,151601,/export/data/sfan/MLE_final_project/runs/formal_dqn_v1_r1_s11_t1_r500/checkpoints/final.pt
training-v1,dqn,385,24.99999999999984,154000,0.9238020833333334,,0.027151159942150116,152001,/export/data/sfan/MLE_final_project/runs/formal_dqn_v1_r1_s11_t1_r500/checkpoints/final.pt
training-v1,dqn,386,22.999999999999837,154400,0.9236041666666667,,0.029871506616473198,152401,/export/data/sfan/MLE_final_project/runs/formal_dqn_v1_r1_s11_t1_r500/checkpoints/final.pt
training-v1,dqn,387,24.99999999999962,154800,0.92340625,,0.034338004887104034,152801,/export/data/sfan/MLE_final_project/runs/formal_dqn_v1_r1_s11_t1_r500/checkpoints/final.pt
training-v1,dqn,388,25.999999999999616,155200,0.9232083333333333,,0.03443267196416855,153201,/export/data/sfan/MLE_final_project/runs/formal_dqn_v1_r1_s11_t1_r500/checkpoints/final.pt
training-v1,dqn,389,32.99999999999995,155600,0.9230104166666666,,0.014699039980769157,153601,/export/data/sfan/MLE_final_project/runs/formal_dqn_v1_r1_s11_t1_r500/checkpoints/final.pt
training-v1,dqn,390,15.000000000000071,156000,0.9228125,,0.04042436182498932,154001,/export/data/sfan/MLE_final_project/runs/formal_dqn_v1_r1_s11_t1_r500/checkpoints/final.pt
training-v1,dqn,391,24.999999999999837,156400,0.9226145833333333,,0.0509379617869854,154401,/export/data/sfan/MLE_final_project/runs/formal_dqn_v1_r1_s11_t1_r500/checkpoints/final.pt
training-v1,dqn,392,18.999999999999954,156800,0.9224166666666667,,0.02695862390100956,154801,/export/data/sfan/MLE_final_project/runs/formal_dqn_v1_r1_s11_t1_r500/checkpoints/final.pt
training-v1,dqn,393,11.00000000000008,157200,0.92221875,,0.027655787765979767,155201,/export/data/sfan/MLE_final_project/runs/formal_dqn_v1_r1_s11_t1_r500/checkpoints/final.pt
training-v1,dqn,394,13.000000000000078,157600,0.9220208333333333,,0.027472730726003647,155601,/export/data/sfan/MLE_final_project/runs/formal_dqn_v1_r1_s11_t1_r500/checkpoints/final.pt
training-v1,dqn,395,19.99999999999972,158000,0.9218229166666667,,0.027011197060346603,156001,/export/data/sfan/MLE_final_project/runs/formal_dqn_v1_r1_s11_t1_r500/checkpoints/final.pt
training-v1,dqn,396,25.99999999999983,158400,0.921625,,0.02013365551829338,156401,/export/data/sfan/MLE_final_project/runs/formal_dqn_v1_r1_s11_t1_r500/checkpoints/final.pt
training-v1,dqn,397,25.999999999999755,158800,0.9214270833333333,,0.0267539881169796,156801,/export/data/sfan/MLE_final_project/runs/formal_dqn_v1_r1_s11_t1_r500/checkpoints/final.pt
training-v1,dqn,398,27.99999999999966,159200,0.9212291666666667,,0.015136736445128918,157201,/export/data/sfan/MLE_final_project/runs/formal_dqn_v1_r1_s11_t1_r500/checkpoints/final.pt
training-v1,dqn,399,27.999999999999847,159600,0.92103125,,0.21172349154949188,157601,/export/data/sfan/MLE_final_project/runs/formal_dqn_v1_r1_s11_t1_r500/checkpoints/final.pt
training-v1,dqn,400,20.99999999999989,160000,0.9208333333333334,,0.00410415418446064,158001,/export/data/sfan/MLE_final_project/runs/formal_dqn_v1_r1_s11_t1_r500/checkpoints/final.pt
training-v1,dqn,401,25.99999999999953,160400,0.9206354166666667,,0.11355915665626526,158401,/export/data/sfan/MLE_final_project/runs/formal_dqn_v1_r1_s11_t1_r500/checkpoints/final.pt
training-v1,dqn,402,28.99999999999961,160800,0.9204375,,0.028425399214029312,158801,/export/data/sfan/MLE_final_project/runs/formal_dqn_v1_r1_s11_t1_r500/checkpoints/final.pt
training-v1,dqn,403,24.999999999999776,161200,0.9202395833333333,,0.04813329875469208,159201,/export/data/sfan/MLE_final_project/runs/formal_dqn_v1_r1_s11_t1_r500/checkpoints/final.pt
training-v1,dqn,404,19.9999999999997,161600,0.9200416666666666,,0.030705055221915245,159601,/export/data/sfan/MLE_final_project/runs/formal_dqn_v1_r1_s11_t1_r500/checkpoints/final.pt
training-v1,dqn,405,23.99999999999964,162000,0.91984375,,0.02936857007443905,160001,/export/data/sfan/MLE_final_project/runs/formal_dqn_v1_r1_s11_t1_r500/checkpoints/final.pt
training-v1,dqn,406,19.99999999999987,162400,0.9196458333333334,,0.023498911410570145,160401,/export/data/sfan/MLE_final_project/runs/formal_dqn_v1_r1_s11_t1_r500/checkpoints/final.pt
training-v1,dqn,407,23.99999999999992,162800,0.9194479166666667,,0.035592883825302124,160801,/export/data/sfan/MLE_final_project/runs/formal_dqn_v1_r1_s11_t1_r500/checkpoints/final.pt
training-v1,dqn,408,22.999999999999666,163200,0.91925,,0.04498970881104469,161201,/export/data/sfan/MLE_final_project/runs/formal_dqn_v1_r1_s11_t1_r500/checkpoints/final.pt
training-v1,dqn,409,26.999999999999773,163600,0.9190520833333333,,0.15500277280807495,161601,/export/data/sfan/MLE_final_project/runs/formal_dqn_v1_r1_s11_t1_r500/checkpoints/final.pt
training-v1,dqn,410,24.99999999999973,164000,0.9188541666666666,,0.032378219068050385,162001,/export/data/sfan/MLE_final_project/runs/formal_dqn_v1_r1_s11_t1_r500/checkpoints/final.pt
training-v1,dqn,411,18.99999999999999,164400,0.91865625,,0.02903730981051922,162401,/export/data/sfan/MLE_final_project/runs/formal_dqn_v1_r1_s11_t1_r500/checkpoints/final.pt
training-v1,dqn,412,29.99999999999967,164800,0.9184583333333334,,0.1559758186340332,162801,/export/data/sfan/MLE_final_project/runs/formal_dqn_v1_r1_s11_t1_r500/checkpoints/final.pt
training-v1,dqn,413,24.999999999999527,165200,0.9182604166666667,,0.03833327442407608,163201,/export/data/sfan/MLE_final_project/runs/formal_dqn_v1_r1_s11_t1_r500/checkpoints/final.pt
training-v1,dqn,414,27.999999999999776,165600,0.9180625,,0.019019512459635735,163601,/export/data/sfan/MLE_final_project/runs/formal_dqn_v1_r1_s11_t1_r500/checkpoints/final.pt
training-v1,dqn,415,27.99999999999975,166000,0.9178645833333333,,0.1375070959329605,164001,/export/data/sfan/MLE_final_project/runs/formal_dqn_v1_r1_s11_t1_r500/checkpoints/final.pt
training-v1,dqn,416,27.999999999999623,166400,0.9176666666666666,,0.01817397214472294,164401,/export/data/sfan/MLE_final_project/runs/formal_dqn_v1_r1_s11_t1_r500/checkpoints/final.pt
training-v1,dqn,417,19.999999999999805,166800,0.91746875,,0.02495432272553444,164801,/export/data/sfan/MLE_final_project/runs/formal_dqn_v1_r1_s11_t1_r500/checkpoints/final.pt
training-v1,dqn,418,23.999999999999726,167200,0.9172708333333334,,0.009868758730590343,165201,/export/data/sfan/MLE_final_project/runs/formal_dqn_v1_r1_s11_t1_r500/checkpoints/final.pt
training-v1,dqn,419,18.000000000000032,167600,0.9170729166666667,,0.01810237392783165,165601,/export/data/sfan/MLE_final_project/runs/formal_dqn_v1_r1_s11_t1_r500/checkpoints/final.pt
training-v1,dqn,420,25.999999999999684,168000,0.916875,,0.040218424052000046,166001,/export/data/sfan/MLE_final_project/runs/formal_dqn_v1_r1_s11_t1_r500/checkpoints/final.pt
training-v1,dqn,421,22.999999999999613,168400,0.9166770833333333,,0.03822711855173111,166401,/export/data/sfan/MLE_final_project/runs/formal_dqn_v1_r1_s11_t1_r500/checkpoints/final.pt
training-v1,dqn,422,29.9999999999996,168800,0.9164791666666666,,0.01922813430428505,166801,/export/data/sfan/MLE_final_project/runs/formal_dqn_v1_r1_s11_t1_r500/checkpoints/final.pt
training-v1,dqn,423,25.999999999999623,169200,0.91628125,,0.00641250517219305,167201,/export/data/sfan/MLE_final_project/runs/formal_dqn_v1_r1_s11_t1_r500/checkpoints/final.pt
training-v1,dqn,424,20.999999999999805,169600,0.9160833333333334,,0.026087943464517593,167601,/export/data/sfan/MLE_final_project/runs/formal_dqn_v1_r1_s11_t1_r500/checkpoints/final.pt
training-v1,dqn,425,27.99999999999973,170000,0.9158854166666667,,0.03919631987810135,168001,/export/data/sfan/MLE_final_project/runs/formal_dqn_v1_r1_s11_t1_r500/checkpoints/final.pt
training-v1,dqn,426,28.999999999999645,170400,0.9156875,,0.007844393141567707,168401,/export/data/sfan/MLE_final_project/runs/formal_dqn_v1_r1_s11_t1_r500/checkpoints/final.pt
training-v1,dqn,427,24.999999999999783,170800,0.9154895833333333,,0.10962917655706406,168801,/export/data/sfan/MLE_final_project/runs/formal_dqn_v1_r1_s11_t1_r500/checkpoints/final.pt
training-v1,dqn,428,28.999999999999588,171200,0.9152916666666666,,0.018174950033426285,169201,/export/data/sfan/MLE_final_project/runs/formal_dqn_v1_r1_s11_t1_r500/checkpoints/final.pt
training-v1,dqn,429,23.99999999999972,171600,0.91509375,,0.02951912209391594,169601,/export/data/sfan/MLE_final_project/runs/formal_dqn_v1_r1_s11_t1_r500/checkpoints/final.pt
training-v1,dqn,430,25.999999999999705,172000,0.9148958333333334,,0.029461165890097618,170001,/export/data/sfan/MLE_final_project/runs/formal_dqn_v1_r1_s11_t1_r500/checkpoints/final.pt
training-v1,dqn,431,22.999999999999737,172400,0.9146979166666667,,0.027288202196359634,170401,/export/data/sfan/MLE_final_project/runs/formal_dqn_v1_r1_s11_t1_r500/checkpoints/final.pt
training-v1,dqn,432,15.999999999999874,172800,0.9145,,0.11044766753911972,170801,/export/data/sfan/MLE_final_project/runs/formal_dqn_v1_r1_s11_t1_r500/checkpoints/final.pt
training-v1,dqn,433,21.999999999999567,173200,0.9143020833333333,,0.027691300958395004,171201,/export/data/sfan/MLE_final_project/runs/formal_dqn_v1_r1_s11_t1_r500/checkpoints/final.pt
training-v1,dqn,434,31.99999999999969,173600,0.9141041666666667,,0.03708420321345329,171601,/export/data/sfan/MLE_final_project/runs/formal_dqn_v1_r1_s11_t1_r500/checkpoints/final.pt
training-v1,dqn,435,18.000000000000064,174000,0.91390625,,0.08318803459405899,172001,/export/data/sfan/MLE_final_project/runs/formal_dqn_v1_r1_s11_t1_r500/checkpoints/final.pt
training-v1,dqn,436,23.99999999999978,174400,0.9137083333333333,,0.025089530274271965,172401,/export/data/sfan/MLE_final_project/runs/formal_dqn_v1_r1_s11_t1_r500/checkpoints/final.pt
training-v1,dqn,437,19.000000000000046,174800,0.9135104166666667,,0.03730621188879013,172801,/export/data/sfan/MLE_final_project/runs/formal_dqn_v1_r1_s11_t1_r500/checkpoints/final.pt
training-v1,dqn,438,15.999999999999803,175200,0.9133125,,0.03511715680360794,173201,/export/data/sfan/MLE_final_project/runs/formal_dqn_v1_r1_s11_t1_r500/checkpoints/final.pt
training-v1,dqn,439,17.00000000000003,175600,0.9131145833333334,,0.024643922224640846,173601,/export/data/sfan/MLE_final_project/runs/formal_dqn_v1_r1_s11_t1_r500/checkpoints/final.pt
training-v1,dqn,440,18.999999999999837,176000,0.9129166666666667,,0.02005583792924881,174001,/export/data/sfan/MLE_final_project/runs/formal_dqn_v1_r1_s11_t1_r500/checkpoints/final.pt
training-v1,dqn,441,17.999999999999734,176400,0.91271875,,0.0431729331612587,174401,/export/data/sfan/MLE_final_project/runs/formal_dqn_v1_r1_s11_t1_r500/checkpoints/final.pt
training-v1,dqn,442,22.9999999999997,176800,0.9125208333333333,,0.034855917096138,174801,/export/data/sfan/MLE_final_project/runs/formal_dqn_v1_r1_s11_t1_r500/checkpoints/final.pt
training-v1,dqn,443,24.999999999999687,177200,0.9123229166666667,,0.0200994573533535,175201,/export/data/sfan/MLE_final_project/runs/formal_dqn_v1_r1_s11_t1_r500/checkpoints/final.pt
training-v1,dqn,444,33.999999999999794,177600,0.912125,,0.12041594088077545,175601,/export/data/sfan/MLE_final_project/runs/formal_dqn_v1_r1_s11_t1_r500/checkpoints/final.pt
training-v1,dqn,445,16.000000000000078,178000,0.9119270833333333,,0.0260324589908123,176001,/export/data/sfan/MLE_final_project/runs/formal_dqn_v1_r1_s11_t1_r500/checkpoints/final.pt
training-v1,dqn,446,27.999999999999662,178400,0.9117291666666667,,0.06357178837060928,176401,/export/data/sfan/MLE_final_project/runs/formal_dqn_v1_r1_s11_t1_r500/checkpoints/final.pt
training-v1,dqn,447,22.999999999999705,178800,0.91153125,,0.052495699375867844,176801,/export/data/sfan/MLE_final_project/runs/formal_dqn_v1_r1_s11_t1_r500/checkpoints/final.pt
training-v1,dqn,448,21.9999999999997,179200,0.9113333333333333,,0.011713908053934574,177201,/export/data/sfan/MLE_final_project/runs/formal_dqn_v1_r1_s11_t1_r500/checkpoints/final.pt
training-v1,dqn,449,31.99999999999972,179600,0.9111354166666666,,0.11798946559429169,177601,/export/data/sfan/MLE_final_project/runs/formal_dqn_v1_r1_s11_t1_r500/checkpoints/final.pt
training-v1,dqn,450,29.999999999999655,180000,0.9109375,,0.024608584120869637,178001,/export/data/sfan/MLE_final_project/runs/formal_dqn_v1_r1_s11_t1_r500/checkpoints/final.pt
training-v1,dqn,451,14.00000000000007,180400,0.9107395833333334,,0.044742338359355927,178401,/export/data/sfan/MLE_final_project/runs/formal_dqn_v1_r1_s11_t1_r500/checkpoints/final.pt
training-v1,dqn,452,21.999999999999687,180800,0.9105416666666667,,0.02881593257188797,178801,/export/data/sfan/MLE_final_project/runs/formal_dqn_v1_r1_s11_t1_r500/checkpoints/final.pt
training-v1,dqn,453,19.99999999999976,181200,0.91034375,,0.029172983020544052,179201,/export/data/sfan/MLE_final_project/runs/formal_dqn_v1_r1_s11_t1_r500/checkpoints/final.pt
training-v1,dqn,454,34.999999999999915,181600,0.9101458333333333,,0.02395889163017273,179601,/export/data/sfan/MLE_final_project/runs/formal_dqn_v1_r1_s11_t1_r500/checkpoints/final.pt
training-v1,dqn,455,18.999999999999986,182000,0.9099479166666666,,0.017750341445207596,180001,/export/data/sfan/MLE_final_project/runs/formal_dqn_v1_r1_s11_t1_r500/checkpoints/final.pt
training-v1,dqn,456,27.999999999999623,182400,0.9097500000000001,,0.061311572790145874,180401,/export/data/sfan/MLE_final_project/runs/formal_dqn_v1_r1_s11_t1_r500/checkpoints/final.pt
training-v1,dqn,457,18.99999999999999,182800,0.9095520833333334,,0.021507972851395607,180801,/export/data/sfan/MLE_final_project/runs/formal_dqn_v1_r1_s11_t1_r500/checkpoints/final.pt
training-v1,dqn,458,14.000000000000078,183200,0.9093541666666667,,0.02390253357589245,181201,/export/data/sfan/MLE_final_project/runs/formal_dqn_v1_r1_s11_t1_r500/checkpoints/final.pt
training-v1,dqn,459,10.000000000000073,183600,0.90915625,,0.034584056586027145,181601,/export/data/sfan/MLE_final_project/runs/formal_dqn_v1_r1_s11_t1_r500/checkpoints/final.pt
training-v1,dqn,460,18.999999999999904,184000,0.9089583333333333,,0.028745600953698158,182001,/export/data/sfan/MLE_final_project/runs/formal_dqn_v1_r1_s11_t1_r500/checkpoints/final.pt
training-v1,dqn,461,22.999999999999606,184400,0.9087604166666666,,0.023989718407392502,182401,/export/data/sfan/MLE_final_project/runs/formal_dqn_v1_r1_s11_t1_r500/checkpoints/final.pt
training-v1,dqn,462,25.99999999999963,184800,0.9085625,,0.01939266547560692,182801,/export/data/sfan/MLE_final_project/runs/formal_dqn_v1_r1_s11_t1_r500/checkpoints/final.pt
training-v1,dqn,463,23.99999999999981,185200,0.9083645833333334,,0.03966435790061951,183201,/export/data/sfan/MLE_final_project/runs/formal_dqn_v1_r1_s11_t1_r500/checkpoints/final.pt
training-v1,dqn,464,29.99999999999962,185600,0.9081666666666667,,0.0484112910926342,183601,/export/data/sfan/MLE_final_project/runs/formal_dqn_v1_r1_s11_t1_r500/checkpoints/final.pt
training-v1,dqn,465,28.999999999999606,186000,0.90796875,,0.0192558653652668,184001,/export/data/sfan/MLE_final_project/runs/formal_dqn_v1_r1_s11_t1_r500/checkpoints/final.pt
training-v1,dqn,466,19.99999999999984,186400,0.9077708333333333,,0.03777520731091499,184401,/export/data/sfan/MLE_final_project/runs/formal_dqn_v1_r1_s11_t1_r500/checkpoints/final.pt
training-v1,dqn,467,22.9999999999997,186800,0.9075729166666666,,0.02791483886539936,184801,/export/data/sfan/MLE_final_project/runs/formal_dqn_v1_r1_s11_t1_r500/checkpoints/final.pt
training-v1,dqn,468,29.99999999999982,187200,0.907375,,0.031642619520425797,185201,/export/data/sfan/MLE_final_project/runs/formal_dqn_v1_r1_s11_t1_r500/checkpoints/final.pt
training-v1,dqn,469,20.999999999999815,187600,0.9071770833333334,,0.0157723817974329,185601,/export/data/sfan/MLE_final_project/runs/formal_dqn_v1_r1_s11_t1_r500/checkpoints/final.pt
training-v1,dqn,470,29.999999999999766,188000,0.9069791666666667,,0.05216268077492714,186001,/export/data/sfan/MLE_final_project/runs/formal_dqn_v1_r1_s11_t1_r500/checkpoints/final.pt
training-v1,dqn,471,22.99999999999975,188400,0.90678125,,0.03433872014284134,186401,/export/data/sfan/MLE_final_project/runs/formal_dqn_v1_r1_s11_t1_r500/checkpoints/final.pt
training-v1,dqn,472,18.999999999999652,188800,0.9065833333333333,,0.04190097376704216,186801,/export/data/sfan/MLE_final_project/runs/formal_dqn_v1_r1_s11_t1_r500/checkpoints/final.pt
training-v1,dqn,473,12.00000000000008,189200,0.9063854166666667,,0.023308511823415756,187201,/export/data/sfan/MLE_final_project/runs/formal_dqn_v1_r1_s11_t1_r500/checkpoints/final.pt
training-v1,dqn,474,24.999999999999865,189600,0.9061875,,0.03444785252213478,187601,/export/data/sfan/MLE_final_project/runs/formal_dqn_v1_r1_s11_t1_r500/checkpoints/final.pt
training-v1,dqn,475,23.999999999999748,190000,0.9059895833333333,,0.023282572627067566,188001,/export/data/sfan/MLE_final_project/runs/formal_dqn_v1_r1_s11_t1_r500/checkpoints/final.pt
training-v1,dqn,476,19.99999999999977,190400,0.9057916666666667,,0.11638569831848145,188401,/export/data/sfan/MLE_final_project/runs/formal_dqn_v1_r1_s11_t1_r500/checkpoints/final.pt
training-v1,dqn,477,22.99999999999971,190800,0.90559375,,0.026875630021095276,188801,/export/data/sfan/MLE_final_project/runs/formal_dqn_v1_r1_s11_t1_r500/checkpoints/final.pt
training-v1,dqn,478,32.99999999999998,191200,0.9053958333333334,,0.021470777690410614,189201,/export/data/sfan/MLE_final_project/runs/formal_dqn_v1_r1_s11_t1_r500/checkpoints/final.pt
training-v1,dqn,479,23.999999999999645,191600,0.9051979166666667,,0.05344467982649803,189601,/export/data/sfan/MLE_final_project/runs/formal_dqn_v1_r1_s11_t1_r500/checkpoints/final.pt
training-v1,dqn,480,21.999999999999815,192000,0.905,,0.03468754142522812,190001,/export/data/sfan/MLE_final_project/runs/formal_dqn_v1_r1_s11_t1_r500/checkpoints/final.pt
training-v1,dqn,481,25.999999999999844,192400,0.9048020833333333,,0.01688634604215622,190401,/export/data/sfan/MLE_final_project/runs/formal_dqn_v1_r1_s11_t1_r500/checkpoints/final.pt
training-v1,dqn,482,24.99999999999969,192800,0.9046041666666667,,0.03109520673751831,190801,/export/data/sfan/MLE_final_project/runs/formal_dqn_v1_r1_s11_t1_r500/checkpoints/final.pt
training-v1,dqn,483,29.999999999999716,193200,0.90440625,,0.05754830688238144,191201,/export/data/sfan/MLE_final_project/runs/formal_dqn_v1_r1_s11_t1_r500/checkpoints/final.pt
training-v1,dqn,484,30.99999999999978,193600,0.9042083333333333,,0.022348612546920776,191601,/export/data/sfan/MLE_final_project/runs/formal_dqn_v1_r1_s11_t1_r500/checkpoints/final.pt
training-v1,dqn,485,17.000000000000046,194000,0.9040104166666667,,0.022351950407028198,192001,/export/data/sfan/MLE_final_project/runs/formal_dqn_v1_r1_s11_t1_r500/checkpoints/final.pt
training-v1,dqn,486,26.99999999999969,194400,0.9038125,,0.038541119545698166,192401,/export/data/sfan/MLE_final_project/runs/formal_dqn_v1_r1_s11_t1_r500/checkpoints/final.pt
training-v1,dqn,487,28.999999999999556,194800,0.9036145833333333,,0.07620702683925629,192801,/export/data/sfan/MLE_final_project/runs/formal_dqn_v1_r1_s11_t1_r500/checkpoints/final.pt
training-v1,dqn,488,23.999999999999883,195200,0.9034166666666666,,0.021819274872541428,193201,/export/data/sfan/MLE_final_project/runs/formal_dqn_v1_r1_s11_t1_r500/checkpoints/final.pt
training-v1,dqn,489,28.999999999999613,195600,0.90321875,,0.03605956956744194,193601,/export/data/sfan/MLE_final_project/runs/formal_dqn_v1_r1_s11_t1_r500/checkpoints/final.pt
training-v1,dqn,490,19.999999999999677,196000,0.9030208333333334,,0.01773243024945259,194001,/export/data/sfan/MLE_final_project/runs/formal_dqn_v1_r1_s11_t1_r500/checkpoints/final.pt
training-v1,dqn,491,30.99999999999964,196400,0.9028229166666667,,0.03641050308942795,194401,/export/data/sfan/MLE_final_project/runs/formal_dqn_v1_r1_s11_t1_r500/checkpoints/final.pt
training-v1,dqn,492,24.999999999999954,196800,0.902625,,0.025867512449622154,194801,/export/data/sfan/MLE_final_project/runs/formal_dqn_v1_r1_s11_t1_r500/checkpoints/final.pt
training-v1,dqn,493,30.999999999999744,197200,0.9024270833333333,,0.058724407106637955,195201,/export/data/sfan/MLE_final_project/runs/formal_dqn_v1_r1_s11_t1_r500/checkpoints/final.pt
training-v1,dqn,494,21.99999999999996,197600,0.9022291666666666,,0.019878381863236427,195601,/export/data/sfan/MLE_final_project/runs/formal_dqn_v1_r1_s11_t1_r500/checkpoints/final.pt
training-v1,dqn,495,28.999999999999616,198000,0.9020312500000001,,0.014965959824621677,196001,/export/data/sfan/MLE_final_project/runs/formal_dqn_v1_r1_s11_t1_r500/checkpoints/final.pt
training-v1,dqn,496,15.000000000000025,198400,0.9018333333333334,,0.01630537025630474,196401,/export/data/sfan/MLE_final_project/runs/formal_dqn_v1_r1_s11_t1_r500/checkpoints/final.pt
training-v1,dqn,497,20.999999999999805,198800,0.9016354166666667,,0.0380876287817955,196801,/export/data/sfan/MLE_final_project/runs/formal_dqn_v1_r1_s11_t1_r500/checkpoints/final.pt
training-v1,dqn,498,30.99999999999965,199200,0.9014375,,0.027453644201159477,197201,/export/data/sfan/MLE_final_project/runs/formal_dqn_v1_r1_s11_t1_r500/checkpoints/final.pt
training-v1,dqn,499,31.999999999999712,199600,0.9012395833333333,,0.0187365859746933,197601,/export/data/sfan/MLE_final_project/runs/formal_dqn_v1_r1_s11_t1_r500/checkpoints/final.pt
training-v1,dqn,500,20.999999999999883,200000,0.9010416666666666,,0.11644449084997177,198001,/export/data/sfan/MLE_final_project/runs/formal_dqn_v1_r1_s11_t1_r500/checkpoints/final.pt
