phase,training_seed,task,safety_version,environment_seed,run_id,score,coins,crates,kills,exclusive_wins,tied_first,suicides,bombs_resolved,bombs_survived,invalid_actions,act_count,act_p95_seconds,act_max_seconds,avoidable_escape_collapses,opponent_robust_interventions,opponent_to_v3_fallbacks,opponent_scenarios_evaluated
known_deaths,22,3,survival-mask-v3,12000,task3_opprobust_known_s22_v3_591cd8e_s12000,4.0,4.0,10.0,0.0,0.0,0.0,0.0,15.0,15.0,0.0,400,0.012877702713012695,0.02292466163635254,0,0,0,0
known_deaths,22,3,survival-mask-v3,12005,task3_opprobust_known_s22_v3_591cd8e_s12005,10.0,5.0,63.0,1.0,1.0,0.0,0.0,48.0,48.0,1.0,400,0.014295101165771484,0.0255889892578125,0,0,0,0
known_deaths,22,3,survival-mask-v3,12008,task3_opprobust_known_s22_v3_591cd8e_s12008,2.0,2.0,55.0,0.0,0.0,0.0,0.0,42.0,42.0,0.0,400,0.015141963958740234,0.025075197219848633,0,0,0,0
known_deaths,22,3,survival-mask-v3,12011,task3_opprobust_known_s22_v3_591cd8e_s12011,4.0,4.0,21.0,0.0,0.0,0.0,0.0,24.0,24.0,0.0,400,0.01549983024597168,0.024227380752563477,0,0,0,0
known_deaths,22,3,survival-mask-v3,12015,task3_opprobust_known_s22_v3_591cd8e_s12015,4.0,4.0,51.0,0.0,0.0,1.0,0.0,26.0,26.0,0.0,400,0.014503955841064453,0.022036314010620117,0,0,0,0
known_deaths,22,3,survival-mask-v3,12017,task3_opprobust_known_s22_v3_591cd8e_s12017,1.0,1.0,15.0,0.0,0.0,0.0,1.0,6.0,5.0,1.0,289,0.009905815124511719,0.017025470733642578,1,0,0,0
known_deaths,22,3,survival-mask-v3,12019,task3_opprobust_known_s22_v3_591cd8e_s12019,1.0,1.0,17.0,0.0,0.0,0.0,0.0,14.0,14.0,0.0,400,0.011873006820678711,0.018085479736328125,0,0,0,0
known_deaths,22,3,survival-mask-v4,12000,task3_opprobust_known_s22_v4_591cd8e_s12000,4.0,4.0,10.0,0.0,0.0,0.0,0.0,15.0,15.0,0.0,400,0.04144620895385742,0.12040138244628906,0,0,0,4500
known_deaths,22,3,survival-mask-v4,12005,task3_opprobust_known_s22_v4_591cd8e_s12005,10.0,5.0,63.0,1.0,1.0,0.0,0.0,48.0,48.0,1.0,400,0.03507280349731445,0.06779837608337402,0,0,0,5204
known_deaths,22,3,survival-mask-v4,12008,task3_opprobust_known_s22_v4_591cd8e_s12008,2.0,2.0,55.0,0.0,0.0,0.0,0.0,42.0,42.0,0.0,400,0.03662610054016113,0.0633535385131836,0,0,0,6213
known_deaths,22,3,survival-mask-v4,12011,task3_opprobust_known_s22_v4_591cd8e_s12011,4.0,4.0,21.0,0.0,0.0,0.0,0.0,24.0,24.0,0.0,400,0.040702104568481445,0.08964729309082031,0,0,0,5156
known_deaths,22,3,survival-mask-v4,12015,task3_opprobust_known_s22_v4_591cd8e_s12015,4.0,4.0,51.0,0.0,0.0,1.0,0.0,26.0,26.0,0.0,400,0.025239944458007812,0.054254770278930664,0,0,0,2532
known_deaths,22,3,survival-mask-v4,12017,task3_opprobust_known_s22_v4_591cd8e_s12017,1.0,1.0,17.0,0.0,0.0,0.0,0.0,15.0,15.0,1.0,400,0.01945328712463379,0.03657937049865723,0,2,1,1191
known_deaths,22,3,survival-mask-v4,12019,task3_opprobust_known_s22_v4_591cd8e_s12019,0.0,0.0,10.0,0.0,0.0,0.0,0.0,21.0,21.0,0.0,400,0.031644582748413086,0.07160305976867676,0,1,0,3409
development,11,1,survival-mask-v3,16000,task3_opprobust_dev_s11_t1_v3_591cd8e_s16000,50.0,50.0,0.0,0.0,1.0,0.0,0.0,0.0,0.0,0.0,146,0.01088571548461914,0.014890670776367188,0,0,0,0
development,11,1,survival-mask-v3,16001,task3_opprobust_dev_s11_t1_v3_591cd8e_s16001,50.0,50.0,0.0,0.0,1.0,0.0,0.0,0.0,0.0,0.0,135,0.011009693145751953,0.012026786804199219,0,0,0,0
development,11,1,survival-mask-v3,16002,task3_opprobust_dev_s11_t1_v3_591cd8e_s16002,50.0,50.0,0.0,0.0,1.0,0.0,0.0,0.0,0.0,0.0,135,0.010606765747070312,0.011188983917236328,0,0,0,0
development,11,1,survival-mask-v3,16003,task3_opprobust_dev_s11_t1_v3_591cd8e_s16003,50.0,50.0,0.0,0.0,1.0,0.0,0.0,0.0,0.0,0.0,138,0.010658740997314453,0.011363983154296875,0,0,0,0
development,11,1,survival-mask-v3,16004,task3_opprobust_dev_s11_t1_v3_591cd8e_s16004,50.0,50.0,0.0,0.0,1.0,0.0,0.0,0.0,0.0,0.0,129,0.010710000991821289,0.011802196502685547,0,0,0,0
development,11,1,survival-mask-v3,16005,task3_opprobust_dev_s11_t1_v3_591cd8e_s16005,50.0,50.0,0.0,0.0,1.0,0.0,0.0,0.0,0.0,0.0,137,0.010839462280273438,0.01171422004699707,0,0,0,0
development,11,1,survival-mask-v3,16006,task3_opprobust_dev_s11_t1_v3_591cd8e_s16006,50.0,50.0,0.0,0.0,1.0,0.0,0.0,0.0,0.0,0.0,145,0.010475397109985352,0.011436223983764648,0,0,0,0
development,11,1,survival-mask-v3,16007,task3_opprobust_dev_s11_t1_v3_591cd8e_s16007,50.0,50.0,0.0,0.0,1.0,0.0,0.0,0.0,0.0,0.0,131,0.01087045669555664,0.012195348739624023,0,0,0,0
development,11,1,survival-mask-v3,16008,task3_opprobust_dev_s11_t1_v3_591cd8e_s16008,50.0,50.0,0.0,0.0,1.0,0.0,0.0,0.0,0.0,0.0,124,0.010368824005126953,0.011825323104858398,0,0,0,0
development,11,1,survival-mask-v3,16009,task3_opprobust_dev_s11_t1_v3_591cd8e_s16009,50.0,50.0,0.0,0.0,1.0,0.0,0.0,0.0,0.0,0.0,131,0.010479211807250977,0.01152658462524414,0,0,0,0
development,11,1,survival-mask-v3,16010,task3_opprobust_dev_s11_t1_v3_591cd8e_s16010,50.0,50.0,0.0,0.0,1.0,0.0,0.0,0.0,0.0,0.0,138,0.01039576530456543,0.010782003402709961,0,0,0,0
development,11,1,survival-mask-v3,16011,task3_opprobust_dev_s11_t1_v3_591cd8e_s16011,50.0,50.0,0.0,0.0,1.0,0.0,0.0,0.0,0.0,0.0,111,0.010397911071777344,0.011218547821044922,0,0,0,0
development,11,1,survival-mask-v3,16012,task3_opprobust_dev_s11_t1_v3_591cd8e_s16012,50.0,50.0,0.0,0.0,1.0,0.0,0.0,0.0,0.0,0.0,131,0.010827779769897461,0.011405467987060547,0,0,0,0
development,11,1,survival-mask-v3,16013,task3_opprobust_dev_s11_t1_v3_591cd8e_s16013,50.0,50.0,0.0,0.0,1.0,0.0,0.0,0.0,0.0,0.0,135,0.01048898696899414,0.011025667190551758,0,0,0,0
development,11,1,survival-mask-v3,16014,task3_opprobust_dev_s11_t1_v3_591cd8e_s16014,50.0,50.0,0.0,0.0,1.0,0.0,0.0,0.0,0.0,0.0,129,0.010556221008300781,0.011164426803588867,0,0,0,0
development,11,1,survival-mask-v3,16015,task3_opprobust_dev_s11_t1_v3_591cd8e_s16015,50.0,50.0,0.0,0.0,1.0,0.0,0.0,0.0,0.0,0.0,146,0.010511398315429688,0.011053800582885742,0,0,0,0
development,11,1,survival-mask-v3,16016,task3_opprobust_dev_s11_t1_v3_591cd8e_s16016,50.0,50.0,0.0,0.0,1.0,0.0,0.0,0.0,0.0,0.0,137,0.01033163070678711,0.01244807243347168,0,0,0,0
development,11,1,survival-mask-v3,16017,task3_opprobust_dev_s11_t1_v3_591cd8e_s16017,50.0,50.0,0.0,0.0,1.0,0.0,0.0,0.0,0.0,0.0,117,0.010524988174438477,0.010742664337158203,0,0,0,0
development,11,1,survival-mask-v3,16018,task3_opprobust_dev_s11_t1_v3_591cd8e_s16018,50.0,50.0,0.0,0.0,1.0,0.0,0.0,0.0,0.0,0.0,123,0.010500669479370117,0.011533737182617188,0,0,0,0
development,11,1,survival-mask-v3,16019,task3_opprobust_dev_s11_t1_v3_591cd8e_s16019,50.0,50.0,0.0,0.0,1.0,0.0,0.0,0.0,0.0,0.0,127,0.010775089263916016,0.011542320251464844,0,0,0,0
development,11,1,survival-mask-v4,16000,task3_opprobust_dev_s11_t1_v4_591cd8e_s16000,50.0,50.0,0.0,0.0,1.0,0.0,0.0,0.0,0.0,0.0,146,0.01090860366821289,0.016820907592773438,0,0,0,0
development,11,1,survival-mask-v4,16001,task3_opprobust_dev_s11_t1_v4_591cd8e_s16001,50.0,50.0,0.0,0.0,1.0,0.0,0.0,0.0,0.0,0.0,135,0.011002779006958008,0.011385917663574219,0,0,0,0
development,11,1,survival-mask-v4,16002,task3_opprobust_dev_s11_t1_v4_591cd8e_s16002,50.0,50.0,0.0,0.0,1.0,0.0,0.0,0.0,0.0,0.0,135,0.010595560073852539,0.011418819427490234,0,0,0,0
development,11,1,survival-mask-v4,16003,task3_opprobust_dev_s11_t1_v4_591cd8e_s16003,50.0,50.0,0.0,0.0,1.0,0.0,0.0,0.0,0.0,0.0,138,0.01067972183227539,0.01137399673461914,0,0,0,0
development,11,1,survival-mask-v4,16004,task3_opprobust_dev_s11_t1_v4_591cd8e_s16004,50.0,50.0,0.0,0.0,1.0,0.0,0.0,0.0,0.0,0.0,129,0.010773420333862305,0.011191606521606445,0,0,0,0
development,11,1,survival-mask-v4,16005,task3_opprobust_dev_s11_t1_v4_591cd8e_s16005,50.0,50.0,0.0,0.0,1.0,0.0,0.0,0.0,0.0,0.0,137,0.010488271713256836,0.011236429214477539,0,0,0,0
development,11,1,survival-mask-v4,16006,task3_opprobust_dev_s11_t1_v4_591cd8e_s16006,50.0,50.0,0.0,0.0,1.0,0.0,0.0,0.0,0.0,0.0,145,0.010750770568847656,0.011392593383789062,0,0,0,0
development,11,1,survival-mask-v4,16007,task3_opprobust_dev_s11_t1_v4_591cd8e_s16007,50.0,50.0,0.0,0.0,1.0,0.0,0.0,0.0,0.0,0.0,131,0.01056528091430664,0.011479854583740234,0,0,0,0
development,11,1,survival-mask-v4,16008,task3_opprobust_dev_s11_t1_v4_591cd8e_s16008,50.0,50.0,0.0,0.0,1.0,0.0,0.0,0.0,0.0,0.0,124,0.010448455810546875,0.01068115234375,0,0,0,0
development,11,1,survival-mask-v4,16009,task3_opprobust_dev_s11_t1_v4_591cd8e_s16009,50.0,50.0,0.0,0.0,1.0,0.0,0.0,0.0,0.0,0.0,131,0.01072382926940918,0.011030435562133789,0,0,0,0
development,11,1,survival-mask-v4,16010,task3_opprobust_dev_s11_t1_v4_591cd8e_s16010,50.0,50.0,0.0,0.0,1.0,0.0,0.0,0.0,0.0,0.0,138,0.010494470596313477,0.013074636459350586,0,0,0,0
development,11,1,survival-mask-v4,16011,task3_opprobust_dev_s11_t1_v4_591cd8e_s16011,50.0,50.0,0.0,0.0,1.0,0.0,0.0,0.0,0.0,0.0,111,0.010602474212646484,0.011066198348999023,0,0,0,0
development,11,1,survival-mask-v4,16012,task3_opprobust_dev_s11_t1_v4_591cd8e_s16012,50.0,50.0,0.0,0.0,1.0,0.0,0.0,0.0,0.0,0.0,131,0.010437965393066406,0.011966705322265625,0,0,0,0
development,11,1,survival-mask-v4,16013,task3_opprobust_dev_s11_t1_v4_591cd8e_s16013,50.0,50.0,0.0,0.0,1.0,0.0,0.0,0.0,0.0,0.0,135,0.010388851165771484,0.01116490364074707,0,0,0,0
development,11,1,survival-mask-v4,16014,task3_opprobust_dev_s11_t1_v4_591cd8e_s16014,50.0,50.0,0.0,0.0,1.0,0.0,0.0,0.0,0.0,0.0,129,0.010411739349365234,0.010866880416870117,0,0,0,0
development,11,1,survival-mask-v4,16015,task3_opprobust_dev_s11_t1_v4_591cd8e_s16015,50.0,50.0,0.0,0.0,1.0,0.0,0.0,0.0,0.0,0.0,146,0.010512590408325195,0.010890960693359375,0,0,0,0
development,11,1,survival-mask-v4,16016,task3_opprobust_dev_s11_t1_v4_591cd8e_s16016,50.0,50.0,0.0,0.0,1.0,0.0,0.0,0.0,0.0,0.0,137,0.010473966598510742,0.011397600173950195,0,0,0,0
development,11,1,survival-mask-v4,16017,task3_opprobust_dev_s11_t1_v4_591cd8e_s16017,50.0,50.0,0.0,0.0,1.0,0.0,0.0,0.0,0.0,0.0,117,0.010493755340576172,0.01101064682006836,0,0,0,0
development,11,1,survival-mask-v4,16018,task3_opprobust_dev_s11_t1_v4_591cd8e_s16018,50.0,50.0,0.0,0.0,1.0,0.0,0.0,0.0,0.0,0.0,123,0.010746955871582031,0.011735677719116211,0,0,0,0
development,11,1,survival-mask-v4,16019,task3_opprobust_dev_s11_t1_v4_591cd8e_s16019,50.0,50.0,0.0,0.0,1.0,0.0,0.0,0.0,0.0,0.0,127,0.01039743423461914,0.01222681999206543,0,0,0,0
development,11,2,survival-mask-v3,16000,task3_opprobust_dev_s11_t2_v3_591cd8e_s16000,0.0,0.0,0.0,0.0,0.0,0.0,0.0,0.0,0.0,0.0,400,0.003650188446044922,0.008601188659667969,0,0,0,0
development,11,2,survival-mask-v3,16001,task3_opprobust_dev_s11_t2_v3_591cd8e_s16001,0.0,0.0,0.0,0.0,0.0,0.0,0.0,0.0,0.0,0.0,400,0.0038220882415771484,0.006039142608642578,0,0,0,0
development,11,2,survival-mask-v3,16002,task3_opprobust_dev_s11_t2_v3_591cd8e_s16002,7.0,7.0,103.0,0.0,1.0,0.0,0.0,53.0,53.0,0.0,400,0.015177249908447266,0.0219728946685791,0,0,0,0
development,11,2,survival-mask-v3,16003,task3_opprobust_dev_s11_t2_v3_591cd8e_s16003,8.0,8.0,103.0,0.0,1.0,0.0,0.0,52.0,52.0,0.0,400,0.014318466186523438,0.02381134033203125,0,0,0,0
development,11,2,survival-mask-v3,16004,task3_opprobust_dev_s11_t2_v3_591cd8e_s16004,7.0,7.0,105.0,0.0,1.0,0.0,0.0,51.0,51.0,0.0,400,0.01449275016784668,0.024042844772338867,0,0,0,0
development,11,2,survival-mask-v3,16005,task3_opprobust_dev_s11_t2_v3_591cd8e_s16005,0.0,0.0,0.0,0.0,0.0,0.0,0.0,0.0,0.0,0.0,400,0.003603219985961914,0.004973649978637695,0,0,0,0
development,11,2,survival-mask-v3,16006,task3_opprobust_dev_s11_t2_v3_591cd8e_s16006,3.0,3.0,38.0,0.0,1.0,0.0,0.0,15.0,15.0,0.0,400,0.01037907600402832,0.021046161651611328,0,0,0,0
development,11,2,survival-mask-v3,16007,task3_opprobust_dev_s11_t2_v3_591cd8e_s16007,0.0,0.0,0.0,0.0,0.0,0.0,0.0,0.0,0.0,0.0,400,0.003479480743408203,0.004664897918701172,0,0,0,0
development,11,2,survival-mask-v3,16008,task3_opprobust_dev_s11_t2_v3_591cd8e_s16008,0.0,0.0,0.0,0.0,0.0,0.0,0.0,0.0,0.0,0.0,400,0.003499269485473633,0.015921354293823242,0,0,0,0
development,11,2,survival-mask-v3,16009,task3_opprobust_dev_s11_t2_v3_591cd8e_s16009,4.0,4.0,35.0,0.0,1.0,0.0,0.0,9.0,9.0,0.0,400,0.007847785949707031,0.018620729446411133,0,0,0,0
development,11,2,survival-mask-v3,16010,task3_opprobust_dev_s11_t2_v3_591cd8e_s16010,0.0,0.0,0.0,0.0,0.0,0.0,0.0,0.0,0.0,0.0,400,0.0035805702209472656,0.005115509033203125,0,0,0,0
development,11,2,survival-mask-v3,16011,task3_opprobust_dev_s11_t2_v3_591cd8e_s16011,0.0,0.0,0.0,0.0,0.0,0.0,0.0,0.0,0.0,0.0,400,0.003373861312866211,0.004559755325317383,0,0,0,0
development,11,2,survival-mask-v3,16012,task3_opprobust_dev_s11_t2_v3_591cd8e_s16012,0.0,0.0,0.0,0.0,0.0,0.0,0.0,0.0,0.0,0.0,400,0.003391265869140625,0.0036525726318359375,0,0,0,0
development,11,2,survival-mask-v3,16013,task3_opprobust_dev_s11_t2_v3_591cd8e_s16013,0.0,0.0,0.0,0.0,0.0,0.0,0.0,0.0,0.0,0.0,400,0.003486156463623047,0.004639387130737305,0,0,0,0
development,11,2,survival-mask-v3,16014,task3_opprobust_dev_s11_t2_v3_591cd8e_s16014,0.0,0.0,0.0,0.0,0.0,0.0,0.0,0.0,0.0,0.0,400,0.003397703170776367,0.0043201446533203125,0,0,0,0
development,11,2,survival-mask-v3,16015,task3_opprobust_dev_s11_t2_v3_591cd8e_s16015,9.0,9.0,84.0,0.0,1.0,0.0,0.0,53.0,53.0,0.0,400,0.013718366622924805,0.023291826248168945,0,0,0,0
development,11,2,survival-mask-v3,16016,task3_opprobust_dev_s11_t2_v3_591cd8e_s16016,0.0,0.0,0.0,0.0,0.0,0.0,0.0,0.0,0.0,0.0,400,0.0032668113708496094,0.003627777099609375,0,0,0,0
development,11,2,survival-mask-v3,16017,task3_opprobust_dev_s11_t2_v3_591cd8e_s16017,3.0,3.0,63.0,0.0,1.0,0.0,0.0,50.0,50.0,0.0,400,0.013930082321166992,0.022549152374267578,0,0,0,0
development,11,2,survival-mask-v3,16018,task3_opprobust_dev_s11_t2_v3_591cd8e_s16018,6.0,6.0,71.0,0.0,1.0,0.0,0.0,52.0,52.0,0.0,400,0.012859821319580078,0.024859905242919922,0,0,0,0
development,11,2,survival-mask-v3,16019,task3_opprobust_dev_s11_t2_v3_591cd8e_s16019,8.0,8.0,119.0,0.0,1.0,0.0,0.0,45.0,45.0,0.0,400,0.01457524299621582,0.023159027099609375,0,0,0,0
development,11,2,survival-mask-v4,16000,task3_opprobust_dev_s11_t2_v4_591cd8e_s16000,0.0,0.0,0.0,0.0,0.0,0.0,0.0,0.0,0.0,0.0,400,0.0036232471466064453,0.008767843246459961,0,0,0,0
development,11,2,survival-mask-v4,16001,task3_opprobust_dev_s11_t2_v4_591cd8e_s16001,0.0,0.0,0.0,0.0,0.0,0.0,0.0,0.0,0.0,0.0,400,0.0038671493530273438,0.0059375762939453125,0,0,0,2
development,11,2,survival-mask-v4,16002,task3_opprobust_dev_s11_t2_v4_591cd8e_s16002,7.0,7.0,103.0,0.0,1.0,0.0,0.0,53.0,53.0,0.0,400,0.01788783073425293,0.026360511779785156,0,0,0,837
development,11,2,survival-mask-v4,16003,task3_opprobust_dev_s11_t2_v4_591cd8e_s16003,8.0,8.0,103.0,0.0,1.0,0.0,0.0,52.0,52.0,0.0,400,0.016736507415771484,0.026217222213745117,0,0,0,788
development,11,2,survival-mask-v4,16004,task3_opprobust_dev_s11_t2_v4_591cd8e_s16004,7.0,7.0,105.0,0.0,1.0,0.0,0.0,51.0,51.0,0.0,400,0.016665220260620117,0.028270244598388672,0,0,0,778
development,11,2,survival-mask-v4,16005,task3_opprobust_dev_s11_t2_v4_591cd8e_s16005,0.0,0.0,0.0,0.0,0.0,0.0,0.0,0.0,0.0,0.0,400,0.003562450408935547,0.005015373229980469,0,0,0,0
development,11,2,survival-mask-v4,16006,task3_opprobust_dev_s11_t2_v4_591cd8e_s16006,3.0,3.0,38.0,0.0,1.0,0.0,0.0,15.0,15.0,0.0,400,0.012093067169189453,0.024523019790649414,0,0,0,306
development,11,2,survival-mask-v4,16007,task3_opprobust_dev_s11_t2_v4_591cd8e_s16007,0.0,0.0,0.0,0.0,0.0,0.0,0.0,0.0,0.0,0.0,400,0.0035810470581054688,0.0062103271484375,0,0,0,0
development,11,2,survival-mask-v4,16008,task3_opprobust_dev_s11_t2_v4_591cd8e_s16008,0.0,0.0,0.0,0.0,0.0,0.0,0.0,0.0,0.0,0.0,400,0.003526926040649414,0.004611968994140625,0,0,0,0
development,11,2,survival-mask-v4,16009,task3_opprobust_dev_s11_t2_v4_591cd8e_s16009,4.0,4.0,35.0,0.0,1.0,0.0,0.0,9.0,9.0,0.0,400,0.008540630340576172,0.022546768188476562,0,0,0,131
development,11,2,survival-mask-v4,16010,task3_opprobust_dev_s11_t2_v4_591cd8e_s16010,0.0,0.0,0.0,0.0,0.0,0.0,0.0,0.0,0.0,0.0,400,0.0035037994384765625,0.004548788070678711,0,0,0,0
development,11,2,survival-mask-v4,16011,task3_opprobust_dev_s11_t2_v4_591cd8e_s16011,0.0,0.0,0.0,0.0,0.0,0.0,0.0,0.0,0.0,0.0,400,0.003441333770751953,0.003617525100708008,0,0,0,0
development,11,2,survival-mask-v4,16012,task3_opprobust_dev_s11_t2_v4_591cd8e_s16012,0.0,0.0,0.0,0.0,0.0,0.0,0.0,0.0,0.0,0.0,400,0.0036296844482421875,0.004848957061767578,0,0,0,0
development,11,2,survival-mask-v4,16013,task3_opprobust_dev_s11_t2_v4_591cd8e_s16013,0.0,0.0,0.0,0.0,0.0,0.0,0.0,0.0,0.0,0.0,400,0.0034453868865966797,0.004595756530761719,0,0,0,0
development,11,2,survival-mask-v4,16014,task3_opprobust_dev_s11_t2_v4_591cd8e_s16014,0.0,0.0,0.0,0.0,0.0,0.0,0.0,0.0,0.0,0.0,400,0.0035049915313720703,0.004105806350708008,0,0,0,0
development,11,2,survival-mask-v4,16015,task3_opprobust_dev_s11_t2_v4_591cd8e_s16015,9.0,9.0,84.0,0.0,1.0,0.0,0.0,53.0,53.0,0.0,400,0.016366004943847656,0.027368545532226562,0,0,0,800
development,11,2,survival-mask-v4,16016,task3_opprobust_dev_s11_t2_v4_591cd8e_s16016,0.0,0.0,0.0,0.0,0.0,0.0,0.0,0.0,0.0,0.0,400,0.0033860206604003906,0.0045604705810546875,0,0,0,0
development,11,2,survival-mask-v4,16017,task3_opprobust_dev_s11_t2_v4_591cd8e_s16017,3.0,3.0,63.0,0.0,1.0,0.0,0.0,50.0,50.0,0.0,400,0.01613450050354004,0.026711225509643555,0,0,0,789
development,11,2,survival-mask-v4,16018,task3_opprobust_dev_s11_t2_v4_591cd8e_s16018,6.0,6.0,71.0,0.0,1.0,0.0,0.0,52.0,52.0,0.0,400,0.01507568359375,0.02794623374938965,0,0,0,792
development,11,2,survival-mask-v4,16019,task3_opprobust_dev_s11_t2_v4_591cd8e_s16019,8.0,8.0,119.0,0.0,1.0,0.0,0.0,45.0,45.0,0.0,400,0.017702579498291016,0.027711868286132812,0,0,0,704
development,11,3,survival-mask-v3,16000,task3_opprobust_dev_s11_t3_v3_591cd8e_s16000,3.0,3.0,23.0,0.0,0.0,0.0,0.0,24.0,24.0,0.0,400,0.014247417449951172,0.02662491798400879,0,0,0,0
development,11,3,survival-mask-v3,16001,task3_opprobust_dev_s11_t3_v3_591cd8e_s16001,3.0,3.0,28.0,0.0,0.0,0.0,0.0,19.0,19.0,0.0,400,0.011651039123535156,0.02496957778930664,0,0,0,0
development,11,3,survival-mask-v3,16002,task3_opprobust_dev_s11_t3_v3_591cd8e_s16002,5.0,5.0,36.0,0.0,0.0,0.0,0.0,34.0,34.0,0.0,400,0.01493692398071289,0.022643089294433594,0,0,0,0
development,11,3,survival-mask-v3,16003,task3_opprobust_dev_s11_t3_v3_591cd8e_s16003,4.0,4.0,59.0,0.0,0.0,0.0,0.0,45.0,45.0,0.0,400,0.015260457992553711,0.06339859962463379,0,0,0,0
development,11,3,survival-mask-v3,16004,task3_opprobust_dev_s11_t3_v3_591cd8e_s16004,10.0,5.0,35.0,1.0,1.0,0.0,1.0,27.0,26.0,3.0,286,0.013230323791503906,0.020231962203979492,1,0,0,0
development,11,3,survival-mask-v3,16005,task3_opprobust_dev_s11_t3_v3_591cd8e_s16005,0.0,0.0,12.0,0.0,0.0,0.0,1.0,8.0,7.0,0.0,310,0.009439229965209961,0.029349565505981445,1,0,0,0
development,11,3,survival-mask-v3,16006,task3_opprobust_dev_s11_t3_v3_591cd8e_s16006,7.0,7.0,51.0,0.0,1.0,0.0,0.0,38.0,38.0,0.0,400,0.014673233032226562,0.024274587631225586,0,0,0,0
development,11,3,survival-mask-v3,16007,task3_opprobust_dev_s11_t3_v3_591cd8e_s16007,1.0,1.0,5.0,0.0,0.0,0.0,0.0,10.0,10.0,0.0,400,0.010562896728515625,0.018946170806884766,0,0,0,0
development,11,3,survival-mask-v3,16008,task3_opprobust_dev_s11_t3_v3_591cd8e_s16008,1.0,1.0,12.0,0.0,0.0,0.0,0.0,17.0,17.0,1.0,400,0.013559818267822266,0.025025129318237305,0,0,0,0
development,11,3,survival-mask-v3,16009,task3_opprobust_dev_s11_t3_v3_591cd8e_s16009,12.0,7.0,60.0,1.0,1.0,0.0,0.0,39.0,39.0,0.0,400,0.015085220336914062,0.02323460578918457,0,0,0,0
development,11,3,survival-mask-v3,16010,task3_opprobust_dev_s11_t3_v3_591cd8e_s16010,2.0,2.0,17.0,0.0,0.0,0.0,0.0,25.0,25.0,0.0,400,0.012858152389526367,0.017414093017578125,0,0,0,0
development,11,3,survival-mask-v3,16011,task3_opprobust_dev_s11_t3_v3_591cd8e_s16011,2.0,2.0,28.0,0.0,0.0,0.0,0.0,24.0,24.0,2.0,400,0.013957023620605469,0.024880647659301758,0,0,0,0
development,11,3,survival-mask-v3,16012,task3_opprobust_dev_s11_t3_v3_591cd8e_s16012,8.0,3.0,15.0,1.0,1.0,0.0,1.0,8.0,7.0,0.0,346,0.010413646697998047,0.024324655532836914,2,0,0,0
development,11,3,survival-mask-v3,16013,task3_opprobust_dev_s11_t3_v3_591cd8e_s16013,2.0,2.0,8.0,0.0,0.0,0.0,1.0,3.0,2.0,0.0,278,0.005654573440551758,0.010999679565429688,1,0,0,0
development,11,3,survival-mask-v3,16014,task3_opprobust_dev_s11_t3_v3_591cd8e_s16014,1.0,1.0,19.0,0.0,0.0,0.0,0.0,15.0,15.0,0.0,400,0.01242518424987793,0.02377033233642578,0,0,0,0
development,11,3,survival-mask-v3,16015,task3_opprobust_dev_s11_t3_v3_591cd8e_s16015,4.0,4.0,42.0,0.0,0.0,0.0,0.0,50.0,50.0,0.0,400,0.015708208084106445,0.02397608757019043,0,0,0,0
development,11,3,survival-mask-v3,16016,task3_opprobust_dev_s11_t3_v3_591cd8e_s16016,1.0,1.0,20.0,0.0,0.0,0.0,0.0,26.0,26.0,0.0,400,0.012956619262695312,0.021314382553100586,0,0,0,0
development,11,3,survival-mask-v3,16017,task3_opprobust_dev_s11_t3_v3_591cd8e_s16017,2.0,2.0,38.0,0.0,0.0,0.0,0.0,33.0,33.0,0.0,400,0.014435052871704102,0.024742841720581055,0,0,0,0
development,11,3,survival-mask-v3,16018,task3_opprobust_dev_s11_t3_v3_591cd8e_s16018,7.0,2.0,21.0,1.0,0.0,1.0,0.0,37.0,37.0,0.0,400,0.013711690902709961,0.024601459503173828,0,0,0,0
development,11,3,survival-mask-v3,16019,task3_opprobust_dev_s11_t3_v3_591cd8e_s16019,10.0,5.0,81.0,1.0,1.0,0.0,0.0,48.0,48.0,0.0,400,0.014864206314086914,0.019412517547607422,0,0,0,0
development,11,3,survival-mask-v4,16000,task3_opprobust_dev_s11_t3_v4_591cd8e_s16000,3.0,3.0,23.0,0.0,0.0,0.0,0.0,24.0,24.0,0.0,400,0.049719810485839844,0.11364364624023438,0,0,0,5745
development,11,3,survival-mask-v4,16001,task3_opprobust_dev_s11_t3_v4_591cd8e_s16001,3.0,3.0,28.0,0.0,0.0,0.0,0.0,19.0,19.0,0.0,400,0.01957225799560547,0.03699946403503418,0,0,0,2094
development,11,3,survival-mask-v4,16002,task3_opprobust_dev_s11_t3_v4_591cd8e_s16002,5.0,5.0,36.0,0.0,0.0,0.0,0.0,34.0,34.0,0.0,400,0.049234867095947266,0.0744473934173584,0,0,2,8084
development,11,3,survival-mask-v4,16003,task3_opprobust_dev_s11_t3_v4_591cd8e_s16003,4.0,4.0,59.0,0.0,0.0,0.0,0.0,45.0,45.0,0.0,400,0.025198936462402344,0.05247354507446289,0,0,0,3954
development,11,3,survival-mask-v4,16004,task3_opprobust_dev_s11_t3_v4_591cd8e_s16004,4.0,4.0,35.0,0.0,0.0,0.0,0.0,42.0,42.0,1.0,400,0.05933046340942383,0.15218400955200195,0,1,0,11446
development,11,3,survival-mask-v4,16005,task3_opprobust_dev_s11_t3_v4_591cd8e_s16005,0.0,0.0,14.0,0.0,0.0,0.0,0.0,14.0,14.0,0.0,400,0.03023219108581543,0.07625436782836914,0,0,0,3400
development,11,3,survival-mask-v4,16006,task3_opprobust_dev_s11_t3_v4_591cd8e_s16006,7.0,7.0,51.0,0.0,1.0,0.0,0.0,38.0,38.0,0.0,400,0.06236410140991211,0.1399526596069336,0,0,0,13273
development,11,3,survival-mask-v4,16007,task3_opprobust_dev_s11_t3_v4_591cd8e_s16007,1.0,1.0,5.0,0.0,0.0,0.0,0.0,10.0,10.0,0.0,400,0.01702713966369629,0.03102874755859375,0,0,1,749
development,11,3,survival-mask-v4,16008,task3_opprobust_dev_s11_t3_v4_591cd8e_s16008,1.0,1.0,12.0,0.0,0.0,0.0,0.0,17.0,17.0,1.0,400,0.05240345001220703,0.1296861171722412,0,0,0,5856
development,11,3,survival-mask-v4,16009,task3_opprobust_dev_s11_t3_v4_591cd8e_s16009,12.0,7.0,60.0,1.0,1.0,0.0,0.0,39.0,39.0,0.0,400,0.036367177963256836,0.0896296501159668,0,0,0,6147
development,11,3,survival-mask-v4,16010,task3_opprobust_dev_s11_t3_v4_591cd8e_s16010,2.0,2.0,17.0,0.0,0.0,0.0,0.0,25.0,25.0,0.0,400,0.042325735092163086,0.0761256217956543,0,0,0,7039
development,11,3,survival-mask-v4,16011,task3_opprobust_dev_s11_t3_v4_591cd8e_s16011,2.0,2.0,28.0,0.0,0.0,0.0,0.0,24.0,24.0,2.0,400,0.029627561569213867,0.08720970153808594,0,0,0,2984
development,11,3,survival-mask-v4,16012,task3_opprobust_dev_s11_t3_v4_591cd8e_s16012,7.0,2.0,15.0,1.0,0.0,1.0,0.0,15.0,15.0,0.0,400,0.027167320251464844,0.0909719467163086,0,1,0,2257
development,11,3,survival-mask-v4,16013,task3_opprobust_dev_s11_t3_v4_591cd8e_s16013,2.0,2.0,8.0,0.0,0.0,0.0,1.0,3.0,2.0,0.0,278,0.0063745975494384766,0.015381574630737305,1,0,1,88
development,11,3,survival-mask-v4,16014,task3_opprobust_dev_s11_t3_v4_591cd8e_s16014,1.0,1.0,19.0,0.0,0.0,0.0,0.0,15.0,15.0,0.0,400,0.019259214401245117,0.04009723663330078,0,0,0,1179
development,11,3,survival-mask-v4,16015,task3_opprobust_dev_s11_t3_v4_591cd8e_s16015,4.0,4.0,42.0,0.0,0.0,0.0,0.0,50.0,50.0,0.0,400,0.06280946731567383,0.10927343368530273,0,0,0,13366
development,11,3,survival-mask-v4,16016,task3_opprobust_dev_s11_t3_v4_591cd8e_s16016,1.0,1.0,20.0,0.0,0.0,0.0,0.0,26.0,26.0,0.0,400,0.018002986907958984,0.03940868377685547,0,0,0,1072
development,11,3,survival-mask-v4,16017,task3_opprobust_dev_s11_t3_v4_591cd8e_s16017,2.0,2.0,38.0,0.0,0.0,0.0,0.0,33.0,33.0,0.0,400,0.027519941329956055,0.05782341957092285,0,0,0,3920
development,11,3,survival-mask-v4,16018,task3_opprobust_dev_s11_t3_v4_591cd8e_s16018,7.0,2.0,21.0,1.0,0.0,1.0,0.0,37.0,37.0,0.0,400,0.037514448165893555,0.0888826847076416,0,0,1,6599
development,11,3,survival-mask-v4,16019,task3_opprobust_dev_s11_t3_v4_591cd8e_s16019,10.0,5.0,81.0,1.0,1.0,0.0,0.0,48.0,48.0,0.0,400,0.022738218307495117,0.05464625358581543,0,0,0,2608
development,22,1,survival-mask-v3,16000,task3_opprobust_dev_s22_t1_v3_591cd8e_s16000,50.0,50.0,0.0,0.0,1.0,0.0,0.0,0.0,0.0,0.0,130,0.011222124099731445,0.015295267105102539,0,0,0,0
development,22,1,survival-mask-v3,16001,task3_opprobust_dev_s22_t1_v3_591cd8e_s16001,50.0,50.0,0.0,0.0,1.0,0.0,0.0,0.0,0.0,0.0,123,0.010884284973144531,0.011199235916137695,0,0,0,0
development,22,1,survival-mask-v3,16002,task3_opprobust_dev_s22_t1_v3_591cd8e_s16002,50.0,50.0,0.0,0.0,1.0,0.0,0.0,0.0,0.0,0.0,128,0.010523319244384766,0.011249780654907227,0,0,0,0
development,22,1,survival-mask-v3,16003,task3_opprobust_dev_s22_t1_v3_591cd8e_s16003,50.0,50.0,0.0,0.0,1.0,0.0,0.0,0.0,0.0,0.0,145,0.010403633117675781,0.01107335090637207,0,0,0,0
development,22,1,survival-mask-v3,16004,task3_opprobust_dev_s22_t1_v3_591cd8e_s16004,50.0,50.0,0.0,0.0,1.0,0.0,0.0,0.0,0.0,0.0,125,0.010632753372192383,0.011111974716186523,0,0,0,0
development,22,1,survival-mask-v3,16005,task3_opprobust_dev_s22_t1_v3_591cd8e_s16005,50.0,50.0,0.0,0.0,1.0,0.0,0.0,0.0,0.0,0.0,127,0.010502099990844727,0.010950803756713867,0,0,0,0
development,22,1,survival-mask-v3,16006,task3_opprobust_dev_s22_t1_v3_591cd8e_s16006,50.0,50.0,0.0,0.0,1.0,0.0,0.0,0.0,0.0,0.0,129,0.01058816909790039,0.011725664138793945,0,0,0,0
development,22,1,survival-mask-v3,16007,task3_opprobust_dev_s22_t1_v3_591cd8e_s16007,50.0,50.0,0.0,0.0,1.0,0.0,0.0,0.0,0.0,0.0,123,0.010506153106689453,0.010686635971069336,0,0,0,0
development,22,1,survival-mask-v3,16008,task3_opprobust_dev_s22_t1_v3_591cd8e_s16008,50.0,50.0,0.0,0.0,1.0,0.0,0.0,0.0,0.0,0.0,133,0.010295391082763672,0.010553121566772461,0,0,0,0
development,22,1,survival-mask-v3,16009,task3_opprobust_dev_s22_t1_v3_591cd8e_s16009,50.0,50.0,0.0,0.0,1.0,0.0,0.0,0.0,0.0,0.0,123,0.010440826416015625,0.010668754577636719,0,0,0,0
development,22,1,survival-mask-v3,16010,task3_opprobust_dev_s22_t1_v3_591cd8e_s16010,50.0,50.0,0.0,0.0,1.0,0.0,0.0,0.0,0.0,0.0,133,0.010409832000732422,0.010705947875976562,0,0,0,0
development,22,1,survival-mask-v3,16011,task3_opprobust_dev_s22_t1_v3_591cd8e_s16011,50.0,50.0,0.0,0.0,1.0,0.0,0.0,0.0,0.0,0.0,133,0.010510683059692383,0.011199235916137695,0,0,0,0
development,22,1,survival-mask-v3,16012,task3_opprobust_dev_s22_t1_v3_591cd8e_s16012,50.0,50.0,0.0,0.0,1.0,0.0,0.0,0.0,0.0,0.0,138,0.01057887077331543,0.010855913162231445,0,0,0,0
development,22,1,survival-mask-v3,16013,task3_opprobust_dev_s22_t1_v3_591cd8e_s16013,50.0,50.0,0.0,0.0,1.0,0.0,0.0,0.0,0.0,0.0,125,0.010443687438964844,0.010723114013671875,0,0,0,0
development,22,1,survival-mask-v3,16014,task3_opprobust_dev_s22_t1_v3_591cd8e_s16014,50.0,50.0,0.0,0.0,1.0,0.0,0.0,0.0,0.0,0.0,116,0.010591268539428711,0.011076927185058594,0,0,0,0
development,22,1,survival-mask-v3,16015,task3_opprobust_dev_s22_t1_v3_591cd8e_s16015,50.0,50.0,0.0,0.0,1.0,0.0,0.0,0.0,0.0,0.0,129,0.010390043258666992,0.010839223861694336,0,0,0,0
development,22,1,survival-mask-v3,16016,task3_opprobust_dev_s22_t1_v3_591cd8e_s16016,50.0,50.0,0.0,0.0,1.0,0.0,0.0,0.0,0.0,0.0,133,0.010335683822631836,0.010602235794067383,0,0,0,0
development,22,1,survival-mask-v3,16017,task3_opprobust_dev_s22_t1_v3_591cd8e_s16017,50.0,50.0,0.0,0.0,1.0,0.0,0.0,0.0,0.0,0.0,121,0.010368824005126953,0.01168680191040039,0,0,0,0
development,22,1,survival-mask-v3,16018,task3_opprobust_dev_s22_t1_v3_591cd8e_s16018,50.0,50.0,0.0,0.0,1.0,0.0,0.0,0.0,0.0,0.0,123,0.010364294052124023,0.011272907257080078,0,0,0,0
development,22,1,survival-mask-v3,16019,task3_opprobust_dev_s22_t1_v3_591cd8e_s16019,50.0,50.0,0.0,0.0,1.0,0.0,0.0,0.0,0.0,0.0,128,0.01038050651550293,0.01069021224975586,0,0,0,0
development,22,1,survival-mask-v4,16000,task3_opprobust_dev_s22_t1_v4_591cd8e_s16000,50.0,50.0,0.0,0.0,1.0,0.0,0.0,0.0,0.0,0.0,130,0.011200904846191406,0.011710405349731445,0,0,0,0
development,22,1,survival-mask-v4,16001,task3_opprobust_dev_s22_t1_v4_591cd8e_s16001,50.0,50.0,0.0,0.0,1.0,0.0,0.0,0.0,0.0,0.0,123,0.010959386825561523,0.011206626892089844,0,0,0,0
development,22,1,survival-mask-v4,16002,task3_opprobust_dev_s22_t1_v4_591cd8e_s16002,50.0,50.0,0.0,0.0,1.0,0.0,0.0,0.0,0.0,0.0,128,0.010499000549316406,0.010804891586303711,0,0,0,0
development,22,1,survival-mask-v4,16003,task3_opprobust_dev_s22_t1_v4_591cd8e_s16003,50.0,50.0,0.0,0.0,1.0,0.0,0.0,0.0,0.0,0.0,145,0.010474681854248047,0.01305842399597168,0,0,0,0
development,22,1,survival-mask-v4,16004,task3_opprobust_dev_s22_t1_v4_591cd8e_s16004,50.0,50.0,0.0,0.0,1.0,0.0,0.0,0.0,0.0,0.0,125,0.01074981689453125,0.012125015258789062,0,0,0,0
development,22,1,survival-mask-v4,16005,task3_opprobust_dev_s22_t1_v4_591cd8e_s16005,50.0,50.0,0.0,0.0,1.0,0.0,0.0,0.0,0.0,0.0,127,0.010407447814941406,0.010809183120727539,0,0,0,0
development,22,1,survival-mask-v4,16006,task3_opprobust_dev_s22_t1_v4_591cd8e_s16006,50.0,50.0,0.0,0.0,1.0,0.0,0.0,0.0,0.0,0.0,129,0.010416030883789062,0.012053251266479492,0,0,0,0
development,22,1,survival-mask-v4,16007,task3_opprobust_dev_s22_t1_v4_591cd8e_s16007,50.0,50.0,0.0,0.0,1.0,0.0,0.0,0.0,0.0,0.0,123,0.010437488555908203,0.01115107536315918,0,0,0,0
development,22,1,survival-mask-v4,16008,task3_opprobust_dev_s22_t1_v4_591cd8e_s16008,50.0,50.0,0.0,0.0,1.0,0.0,0.0,0.0,0.0,0.0,133,0.010408639907836914,0.010580301284790039,0,0,0,0
development,22,1,survival-mask-v4,16009,task3_opprobust_dev_s22_t1_v4_591cd8e_s16009,50.0,50.0,0.0,0.0,1.0,0.0,0.0,0.0,0.0,0.0,123,0.010385990142822266,0.010727405548095703,0,0,0,0
development,22,1,survival-mask-v4,16010,task3_opprobust_dev_s22_t1_v4_591cd8e_s16010,50.0,50.0,0.0,0.0,1.0,0.0,0.0,0.0,0.0,0.0,133,0.010336637496948242,0.01246786117553711,0,0,0,0
development,22,1,survival-mask-v4,16011,task3_opprobust_dev_s22_t1_v4_591cd8e_s16011,50.0,50.0,0.0,0.0,1.0,0.0,0.0,0.0,0.0,0.0,133,0.010532140731811523,0.010787487030029297,0,0,0,0
development,22,1,survival-mask-v4,16012,task3_opprobust_dev_s22_t1_v4_591cd8e_s16012,50.0,50.0,0.0,0.0,1.0,0.0,0.0,0.0,0.0,0.0,138,0.010455131530761719,0.011113166809082031,0,0,0,0
development,22,1,survival-mask-v4,16013,task3_opprobust_dev_s22_t1_v4_591cd8e_s16013,50.0,50.0,0.0,0.0,1.0,0.0,0.0,0.0,0.0,0.0,125,0.01044917106628418,0.010759115219116211,0,0,0,0
development,22,1,survival-mask-v4,16014,task3_opprobust_dev_s22_t1_v4_591cd8e_s16014,50.0,50.0,0.0,0.0,1.0,0.0,0.0,0.0,0.0,0.0,116,0.010404586791992188,0.01079869270324707,0,0,0,0
development,22,1,survival-mask-v4,16015,task3_opprobust_dev_s22_t1_v4_591cd8e_s16015,50.0,50.0,0.0,0.0,1.0,0.0,0.0,0.0,0.0,0.0,129,0.010921955108642578,0.011660337448120117,0,0,0,0
development,22,1,survival-mask-v4,16016,task3_opprobust_dev_s22_t1_v4_591cd8e_s16016,50.0,50.0,0.0,0.0,1.0,0.0,0.0,0.0,0.0,0.0,133,0.010348081588745117,0.010595321655273438,0,0,0,0
development,22,1,survival-mask-v4,16017,task3_opprobust_dev_s22_t1_v4_591cd8e_s16017,50.0,50.0,0.0,0.0,1.0,0.0,0.0,0.0,0.0,0.0,121,0.010406494140625,0.011048316955566406,0,0,0,0
development,22,1,survival-mask-v4,16018,task3_opprobust_dev_s22_t1_v4_591cd8e_s16018,50.0,50.0,0.0,0.0,1.0,0.0,0.0,0.0,0.0,0.0,123,0.01035308837890625,0.01071476936340332,0,0,0,0
development,22,1,survival-mask-v4,16019,task3_opprobust_dev_s22_t1_v4_591cd8e_s16019,50.0,50.0,0.0,0.0,1.0,0.0,0.0,0.0,0.0,0.0,128,0.010245561599731445,0.010709285736083984,0,0,0,0
development,22,2,survival-mask-v3,16000,task3_opprobust_dev_s22_t2_v3_591cd8e_s16000,0.0,0.0,0.0,0.0,0.0,0.0,0.0,0.0,0.0,0.0,400,0.00377655029296875,0.008791446685791016,0,0,0,0
development,22,2,survival-mask-v3,16001,task3_opprobust_dev_s22_t2_v3_591cd8e_s16001,6.0,6.0,47.0,0.0,1.0,0.0,0.0,17.0,17.0,0.0,400,0.011972188949584961,0.021403074264526367,0,0,0,0
development,22,2,survival-mask-v3,16002,task3_opprobust_dev_s22_t2_v3_591cd8e_s16002,3.0,3.0,22.0,0.0,1.0,0.0,0.0,11.0,11.0,0.0,400,0.008819103240966797,0.018279075622558594,0,0,0,0
development,22,2,survival-mask-v3,16003,task3_opprobust_dev_s22_t2_v3_591cd8e_s16003,2.0,2.0,16.0,0.0,1.0,0.0,0.0,7.0,7.0,0.0,400,0.006278514862060547,0.017557144165039062,0,0,0,0
development,22,2,survival-mask-v3,16004,task3_opprobust_dev_s22_t2_v3_591cd8e_s16004,5.0,5.0,81.0,0.0,1.0,0.0,0.0,36.0,36.0,0.0,400,0.012964963912963867,0.020457983016967773,0,0,0,0
development,22,2,survival-mask-v3,16005,task3_opprobust_dev_s22_t2_v3_591cd8e_s16005,0.0,0.0,0.0,0.0,0.0,0.0,0.0,0.0,0.0,0.0,400,0.0034728050231933594,0.004581451416015625,0,0,0,0
development,22,2,survival-mask-v3,16006,task3_opprobust_dev_s22_t2_v3_591cd8e_s16006,3.0,3.0,41.0,0.0,1.0,0.0,0.0,13.0,13.0,0.0,400,0.008355379104614258,0.01812458038330078,0,0,0,0
development,22,2,survival-mask-v3,16007,task3_opprobust_dev_s22_t2_v3_591cd8e_s16007,0.0,0.0,0.0,0.0,0.0,0.0,0.0,0.0,0.0,0.0,400,0.003480672836303711,0.004361629486083984,0,0,0,0
development,22,2,survival-mask-v3,16008,task3_opprobust_dev_s22_t2_v3_591cd8e_s16008,0.0,0.0,0.0,0.0,0.0,0.0,0.0,0.0,0.0,0.0,400,0.0034399032592773438,0.003787517547607422,0,0,0,0
development,22,2,survival-mask-v3,16009,task3_opprobust_dev_s22_t2_v3_591cd8e_s16009,0.0,0.0,0.0,0.0,0.0,0.0,0.0,0.0,0.0,0.0,400,0.003737211227416992,0.004515171051025391,0,0,0,0
development,22,2,survival-mask-v3,16010,task3_opprobust_dev_s22_t2_v3_591cd8e_s16010,0.0,0.0,0.0,0.0,0.0,0.0,0.0,0.0,0.0,0.0,400,0.0035657882690429688,0.0045604705810546875,0,0,0,0
development,22,2,survival-mask-v3,16011,task3_opprobust_dev_s22_t2_v3_591cd8e_s16011,0.0,0.0,0.0,0.0,0.0,0.0,0.0,0.0,0.0,0.0,400,0.003408670425415039,0.003905773162841797,0,0,0,0
development,22,2,survival-mask-v3,16012,task3_opprobust_dev_s22_t2_v3_591cd8e_s16012,0.0,0.0,0.0,0.0,0.0,0.0,0.0,0.0,0.0,0.0,400,0.003455638885498047,0.004462003707885742,0,0,0,0
development,22,2,survival-mask-v3,16013,task3_opprobust_dev_s22_t2_v3_591cd8e_s16013,0.0,0.0,0.0,0.0,0.0,0.0,0.0,0.0,0.0,0.0,400,0.003439664840698242,0.0038840770721435547,0,0,0,0
development,22,2,survival-mask-v3,16014,task3_opprobust_dev_s22_t2_v3_591cd8e_s16014,0.0,0.0,0.0,0.0,0.0,0.0,0.0,0.0,0.0,0.0,400,0.0034055709838867188,0.003617525100708008,0,0,0,0
development,22,2,survival-mask-v3,16015,task3_opprobust_dev_s22_t2_v3_591cd8e_s16015,9.0,9.0,87.0,0.0,1.0,0.0,0.0,32.0,32.0,0.0,400,0.012395858764648438,0.023103713989257812,0,0,0,0
development,22,2,survival-mask-v3,16016,task3_opprobust_dev_s22_t2_v3_591cd8e_s16016,0.0,0.0,0.0,0.0,0.0,0.0,0.0,0.0,0.0,0.0,400,0.0033774375915527344,0.003661632537841797,0,0,0,0
development,22,2,survival-mask-v3,16017,task3_opprobust_dev_s22_t2_v3_591cd8e_s16017,2.0,2.0,19.0,0.0,1.0,0.0,0.0,9.0,9.0,0.0,400,0.0057637691497802734,0.01079416275024414,0,0,0,0
development,22,2,survival-mask-v3,16018,task3_opprobust_dev_s22_t2_v3_591cd8e_s16018,0.0,0.0,5.0,0.0,0.0,0.0,0.0,2.0,2.0,0.0,400,0.003789663314819336,0.006830930709838867,0,0,0,0
development,22,2,survival-mask-v3,16019,task3_opprobust_dev_s22_t2_v3_591cd8e_s16019,1.0,1.0,11.0,0.0,1.0,0.0,0.0,4.0,4.0,0.0,400,0.004095315933227539,0.011284351348876953,0,0,0,0
development,22,2,survival-mask-v4,16000,task3_opprobust_dev_s22_t2_v4_591cd8e_s16000,0.0,0.0,0.0,0.0,0.0,0.0,0.0,0.0,0.0,0.0,400,0.00384521484375,0.022979021072387695,0,0,0,0
development,22,2,survival-mask-v4,16001,task3_opprobust_dev_s22_t2_v4_591cd8e_s16001,6.0,6.0,47.0,0.0,1.0,0.0,0.0,17.0,17.0,0.0,400,0.013204813003540039,0.02557373046875,0,0,0,271
development,22,2,survival-mask-v4,16002,task3_opprobust_dev_s22_t2_v4_591cd8e_s16002,3.0,3.0,22.0,0.0,1.0,0.0,0.0,11.0,11.0,0.0,400,0.009862184524536133,0.02032780647277832,0,0,0,164
development,22,2,survival-mask-v4,16003,task3_opprobust_dev_s22_t2_v4_591cd8e_s16003,2.0,2.0,16.0,0.0,1.0,0.0,0.0,7.0,7.0,0.0,400,0.007018566131591797,0.0209047794342041,0,0,0,106
development,22,2,survival-mask-v4,16004,task3_opprobust_dev_s22_t2_v4_591cd8e_s16004,5.0,5.0,81.0,0.0,1.0,0.0,0.0,36.0,36.0,0.0,400,0.015669822692871094,0.024082660675048828,0,0,0,686
development,22,2,survival-mask-v4,16005,task3_opprobust_dev_s22_t2_v4_591cd8e_s16005,0.0,0.0,0.0,0.0,0.0,0.0,0.0,0.0,0.0,0.0,400,0.003393888473510742,0.004582881927490234,0,0,0,0
development,22,2,survival-mask-v4,16006,task3_opprobust_dev_s22_t2_v4_591cd8e_s16006,3.0,3.0,41.0,0.0,1.0,0.0,0.0,13.0,13.0,0.0,400,0.009877443313598633,0.02184128761291504,0,0,0,196
development,22,2,survival-mask-v4,16007,task3_opprobust_dev_s22_t2_v4_591cd8e_s16007,0.0,0.0,0.0,0.0,0.0,0.0,0.0,0.0,0.0,0.0,400,0.0035104751586914062,0.005583047866821289,0,0,0,0
development,22,2,survival-mask-v4,16008,task3_opprobust_dev_s22_t2_v4_591cd8e_s16008,0.0,0.0,0.0,0.0,0.0,0.0,0.0,0.0,0.0,0.0,400,0.003430604934692383,0.004530668258666992,0,0,0,0
development,22,2,survival-mask-v4,16009,task3_opprobust_dev_s22_t2_v4_591cd8e_s16009,0.0,0.0,0.0,0.0,0.0,0.0,0.0,0.0,0.0,0.0,400,0.0037992000579833984,0.0047686100006103516,0,0,0,0
development,22,2,survival-mask-v4,16010,task3_opprobust_dev_s22_t2_v4_591cd8e_s16010,0.0,0.0,0.0,0.0,0.0,0.0,0.0,0.0,0.0,0.0,400,0.003531932830810547,0.004082679748535156,0,0,0,0
development,22,2,survival-mask-v4,16011,task3_opprobust_dev_s22_t2_v4_591cd8e_s16011,0.0,0.0,0.0,0.0,0.0,0.0,0.0,0.0,0.0,0.0,400,0.003491640090942383,0.004542350769042969,0,0,0,0
development,22,2,survival-mask-v4,16012,task3_opprobust_dev_s22_t2_v4_591cd8e_s16012,0.0,0.0,0.0,0.0,0.0,0.0,0.0,0.0,0.0,0.0,400,0.0034956932067871094,0.004765033721923828,0,0,0,0
development,22,2,survival-mask-v4,16013,task3_opprobust_dev_s22_t2_v4_591cd8e_s16013,0.0,0.0,0.0,0.0,0.0,0.0,0.0,0.0,0.0,0.0,400,0.003439188003540039,0.003915309906005859,0,0,0,0
development,22,2,survival-mask-v4,16014,task3_opprobust_dev_s22_t2_v4_591cd8e_s16014,0.0,0.0,0.0,0.0,0.0,0.0,0.0,0.0,0.0,0.0,400,0.0035936832427978516,0.004132270812988281,0,0,0,0
development,22,2,survival-mask-v4,16015,task3_opprobust_dev_s22_t2_v4_591cd8e_s16015,9.0,9.0,87.0,0.0,1.0,0.0,0.0,32.0,32.0,0.0,400,0.01432180404663086,0.026979446411132812,0,0,0,586
development,22,2,survival-mask-v4,16016,task3_opprobust_dev_s22_t2_v4_591cd8e_s16016,0.0,0.0,0.0,0.0,0.0,0.0,0.0,0.0,0.0,0.0,400,0.0033512115478515625,0.004205465316772461,0,0,0,0
development,22,2,survival-mask-v4,16017,task3_opprobust_dev_s22_t2_v4_591cd8e_s16017,2.0,2.0,19.0,0.0,1.0,0.0,0.0,9.0,9.0,0.0,400,0.006453990936279297,0.012641191482543945,0,0,0,123
development,22,2,survival-mask-v4,16018,task3_opprobust_dev_s22_t2_v4_591cd8e_s16018,0.0,0.0,5.0,0.0,0.0,0.0,0.0,2.0,2.0,0.0,400,0.0039033889770507812,0.007852554321289062,0,0,0,28
development,22,2,survival-mask-v4,16019,task3_opprobust_dev_s22_t2_v4_591cd8e_s16019,1.0,1.0,11.0,0.0,1.0,0.0,0.0,4.0,4.0,0.0,400,0.004529476165771484,0.013708353042602539,0,0,0,50
development,22,3,survival-mask-v3,16000,task3_opprobust_dev_s22_t3_v3_591cd8e_s16000,3.0,3.0,30.0,0.0,0.0,0.0,0.0,22.0,22.0,0.0,400,0.014767646789550781,0.02127552032470703,0,0,0,0
development,22,3,survival-mask-v3,16001,task3_opprobust_dev_s22_t3_v3_591cd8e_s16001,6.0,6.0,53.0,0.0,1.0,0.0,0.0,45.0,45.0,0.0,400,0.01895618438720703,0.025545835494995117,0,0,0,0
development,22,3,survival-mask-v3,16002,task3_opprobust_dev_s22_t3_v3_591cd8e_s16002,5.0,5.0,67.0,0.0,1.0,0.0,0.0,37.0,37.0,0.0,400,0.014668941497802734,0.023825645446777344,0,0,0,0
development,22,3,survival-mask-v3,16003,task3_opprobust_dev_s22_t3_v3_591cd8e_s16003,5.0,5.0,46.0,0.0,0.0,0.0,0.0,34.0,34.0,0.0,400,0.015238046646118164,0.02544689178466797,0,0,0,0
development,22,3,survival-mask-v3,16004,task3_opprobust_dev_s22_t3_v3_591cd8e_s16004,2.0,2.0,29.0,0.0,0.0,0.0,1.0,8.0,7.0,0.0,78,0.014127731323242188,0.021013259887695312,1,0,0,0
development,22,3,survival-mask-v3,16005,task3_opprobust_dev_s22_t3_v3_591cd8e_s16005,8.0,3.0,18.0,1.0,1.0,0.0,0.0,14.0,14.0,0.0,400,0.012925863265991211,0.03496122360229492,0,0,0,0
development,22,3,survival-mask-v3,16006,task3_opprobust_dev_s22_t3_v3_591cd8e_s16006,9.0,4.0,61.0,1.0,1.0,0.0,0.0,48.0,48.0,0.0,400,0.016506433486938477,0.03505253791809082,0,0,0,0
development,22,3,survival-mask-v3,16007,task3_opprobust_dev_s22_t3_v3_591cd8e_s16007,6.0,1.0,16.0,1.0,0.0,0.0,0.0,12.0,12.0,0.0,400,0.010744094848632812,0.02204608917236328,0,0,0,0
development,22,3,survival-mask-v3,16008,task3_opprobust_dev_s22_t3_v3_591cd8e_s16008,6.0,1.0,12.0,1.0,0.0,0.0,0.0,14.0,14.0,0.0,400,0.01262664794921875,0.024174928665161133,0,0,0,0
development,22,3,survival-mask-v3,16009,task3_opprobust_dev_s22_t3_v3_591cd8e_s16009,10.0,5.0,38.0,1.0,1.0,0.0,0.0,31.0,31.0,0.0,400,0.012578487396240234,0.02261662483215332,0,0,0,0
development,22,3,survival-mask-v3,16010,task3_opprobust_dev_s22_t3_v3_591cd8e_s16010,2.0,2.0,14.0,0.0,0.0,0.0,0.0,25.0,25.0,0.0,400,0.014777421951293945,0.022059202194213867,0,0,0,0
development,22,3,survival-mask-v3,16011,task3_opprobust_dev_s22_t3_v3_591cd8e_s16011,3.0,3.0,20.0,0.0,0.0,0.0,0.0,27.0,27.0,0.0,400,0.015172004699707031,0.02374863624572754,0,0,0,0
development,22,3,survival-mask-v3,16012,task3_opprobust_dev_s22_t3_v3_591cd8e_s16012,1.0,1.0,13.0,0.0,0.0,0.0,0.0,18.0,18.0,0.0,400,0.012253999710083008,0.021877765655517578,0,0,0,0
development,22,3,survival-mask-v3,16013,task3_opprobust_dev_s22_t3_v3_591cd8e_s16013,3.0,3.0,11.0,0.0,0.0,0.0,0.0,14.0,14.0,0.0,400,0.010544538497924805,0.01703023910522461,0,0,0,0
development,22,3,survival-mask-v3,16014,task3_opprobust_dev_s22_t3_v3_591cd8e_s16014,1.0,1.0,21.0,0.0,0.0,0.0,0.0,15.0,15.0,0.0,400,0.012107610702514648,0.021289587020874023,0,0,0,0
development,22,3,survival-mask-v3,16015,task3_opprobust_dev_s22_t3_v3_591cd8e_s16015,7.0,2.0,39.0,1.0,0.0,1.0,0.0,38.0,38.0,0.0,400,0.015133857727050781,0.02413797378540039,0,0,0,0
development,22,3,survival-mask-v3,16016,task3_opprobust_dev_s22_t3_v3_591cd8e_s16016,0.0,0.0,22.0,0.0,0.0,0.0,0.0,14.0,14.0,0.0,400,0.010493040084838867,0.017534971237182617,0,0,0,0
development,22,3,survival-mask-v3,16017,task3_opprobust_dev_s22_t3_v3_591cd8e_s16017,6.0,6.0,58.0,0.0,0.0,0.0,0.0,39.0,39.0,0.0,400,0.016061782836914062,0.024253129959106445,0,0,0,0
development,22,3,survival-mask-v3,16018,task3_opprobust_dev_s22_t3_v3_591cd8e_s16018,6.0,6.0,57.0,0.0,0.0,0.0,0.0,33.0,33.0,0.0,400,0.014121294021606445,0.02322864532470703,0,0,0,0
development,22,3,survival-mask-v3,16019,task3_opprobust_dev_s22_t3_v3_591cd8e_s16019,4.0,4.0,55.0,0.0,0.0,0.0,1.0,27.0,26.0,0.0,234,0.014724969863891602,0.024216413497924805,1,0,0,0
development,22,3,survival-mask-v4,16000,task3_opprobust_dev_s22_t3_v4_591cd8e_s16000,3.0,3.0,30.0,0.0,0.0,0.0,0.0,22.0,22.0,0.0,400,0.02239370346069336,0.038399696350097656,0,0,0,1991
development,22,3,survival-mask-v4,16001,task3_opprobust_dev_s22_t3_v4_591cd8e_s16001,6.0,6.0,53.0,0.0,1.0,0.0,0.0,45.0,45.0,0.0,400,0.08675646781921387,0.18230223655700684,0,0,0,16473
development,22,3,survival-mask-v4,16002,task3_opprobust_dev_s22_t3_v4_591cd8e_s16002,5.0,5.0,67.0,0.0,1.0,0.0,0.0,37.0,37.0,0.0,400,0.030611753463745117,0.08526110649108887,0,0,0,3873
development,22,3,survival-mask-v4,16003,task3_opprobust_dev_s22_t3_v4_591cd8e_s16003,5.0,5.0,46.0,0.0,0.0,0.0,0.0,34.0,34.0,0.0,400,0.02956986427307129,0.0497744083404541,0,0,0,3494
development,22,3,survival-mask-v4,16004,task3_opprobust_dev_s22_t3_v4_591cd8e_s16004,4.0,4.0,50.0,0.0,0.0,0.0,0.0,40.0,40.0,0.0,400,0.035195350646972656,0.06370925903320312,0,0,0,4492
development,22,3,survival-mask-v4,16005,task3_opprobust_dev_s22_t3_v4_591cd8e_s16005,8.0,3.0,18.0,1.0,1.0,0.0,0.0,13.0,13.0,0.0,400,0.032871246337890625,0.09754443168640137,0,1,1,3302
development,22,3,survival-mask-v4,16006,task3_opprobust_dev_s22_t3_v4_591cd8e_s16006,9.0,4.0,61.0,1.0,1.0,0.0,0.0,48.0,48.0,0.0,400,0.023642539978027344,0.08164715766906738,0,0,0,2763
development,22,3,survival-mask-v4,16007,task3_opprobust_dev_s22_t3_v4_591cd8e_s16007,6.0,1.0,16.0,1.0,0.0,0.0,0.0,12.0,12.0,0.0,400,0.01250767707824707,0.026728153228759766,0,0,1,405
development,22,3,survival-mask-v4,16008,task3_opprobust_dev_s22_t3_v4_591cd8e_s16008,6.0,1.0,16.0,1.0,0.0,0.0,0.0,16.0,16.0,0.0,400,0.02802419662475586,0.09035563468933105,0,1,0,2594
development,22,3,survival-mask-v4,16009,task3_opprobust_dev_s22_t3_v4_591cd8e_s16009,10.0,5.0,38.0,1.0,1.0,0.0,0.0,31.0,31.0,0.0,400,0.0203859806060791,0.03286123275756836,0,0,0,2037
development,22,3,survival-mask-v4,16010,task3_opprobust_dev_s22_t3_v4_591cd8e_s16010,2.0,2.0,14.0,0.0,0.0,0.0,0.0,25.0,25.0,0.0,400,0.039673805236816406,0.07264375686645508,0,0,0,4543
development,22,3,survival-mask-v4,16011,task3_opprobust_dev_s22_t3_v4_591cd8e_s16011,3.0,3.0,20.0,0.0,0.0,0.0,0.0,27.0,27.0,0.0,400,0.050148963928222656,0.14293479919433594,0,0,1,8215
development,22,3,survival-mask-v4,16012,task3_opprobust_dev_s22_t3_v4_591cd8e_s16012,1.0,1.0,13.0,0.0,0.0,0.0,0.0,18.0,18.0,0.0,400,0.025255441665649414,0.1273794174194336,0,0,0,2859
development,22,3,survival-mask-v4,16013,task3_opprobust_dev_s22_t3_v4_591cd8e_s16013,3.0,3.0,11.0,0.0,0.0,0.0,0.0,14.0,14.0,0.0,400,0.015479564666748047,0.029162883758544922,0,0,0,936
development,22,3,survival-mask-v4,16014,task3_opprobust_dev_s22_t3_v4_591cd8e_s16014,1.0,1.0,21.0,0.0,0.0,0.0,0.0,15.0,15.0,0.0,400,0.01981949806213379,0.035134077072143555,0,0,0,1068
development,22,3,survival-mask-v4,16015,task3_opprobust_dev_s22_t3_v4_591cd8e_s16015,7.0,2.0,39.0,1.0,0.0,1.0,0.0,38.0,38.0,0.0,400,0.038620948791503906,0.11971712112426758,0,0,0,6157
development,22,3,survival-mask-v4,16016,task3_opprobust_dev_s22_t3_v4_591cd8e_s16016,0.0,0.0,22.0,0.0,0.0,0.0,0.0,14.0,14.0,0.0,400,0.012653589248657227,0.021273374557495117,0,0,0,422
development,22,3,survival-mask-v4,16017,task3_opprobust_dev_s22_t3_v4_591cd8e_s16017,10.0,5.0,57.0,1.0,1.0,0.0,0.0,39.0,39.0,0.0,400,0.04596066474914551,0.07884430885314941,0,1,2,7497
development,22,3,survival-mask-v4,16018,task3_opprobust_dev_s22_t3_v4_591cd8e_s16018,6.0,6.0,57.0,0.0,0.0,0.0,0.0,37.0,37.0,0.0,400,0.0478055477142334,0.11810469627380371,0,1,0,7591
development,22,3,survival-mask-v4,16019,task3_opprobust_dev_s22_t3_v4_591cd8e_s16019,4.0,4.0,55.0,0.0,0.0,0.0,1.0,27.0,26.0,0.0,234,0.03452181816101074,0.05432748794555664,1,0,3,3009
development,33,1,survival-mask-v3,16000,task3_opprobust_dev_s33_t1_v3_591cd8e_s16000,50.0,50.0,0.0,0.0,1.0,0.0,0.0,0.0,0.0,0.0,143,0.010877847671508789,0.015969276428222656,0,0,0,0
development,33,1,survival-mask-v3,16001,task3_opprobust_dev_s33_t1_v3_591cd8e_s16001,50.0,50.0,0.0,0.0,1.0,0.0,0.0,0.0,0.0,0.0,124,0.011502504348754883,0.013832330703735352,0,0,0,0
development,33,1,survival-mask-v3,16002,task3_opprobust_dev_s33_t1_v3_591cd8e_s16002,50.0,50.0,0.0,0.0,1.0,0.0,0.0,0.0,0.0,0.0,121,0.010691165924072266,0.012133359909057617,0,0,0,0
development,33,1,survival-mask-v3,16003,task3_opprobust_dev_s33_t1_v3_591cd8e_s16003,50.0,50.0,0.0,0.0,1.0,0.0,0.0,0.0,0.0,0.0,123,0.010502099990844727,0.010863065719604492,0,0,0,0
development,33,1,survival-mask-v3,16004,task3_opprobust_dev_s33_t1_v3_591cd8e_s16004,50.0,50.0,0.0,0.0,1.0,0.0,0.0,0.0,0.0,0.0,133,0.010879755020141602,0.011404275894165039,0,0,0,0
development,33,1,survival-mask-v3,16005,task3_opprobust_dev_s33_t1_v3_591cd8e_s16005,50.0,50.0,0.0,0.0,1.0,0.0,0.0,0.0,0.0,0.0,125,0.010679483413696289,0.011099815368652344,0,0,0,0
development,33,1,survival-mask-v3,16006,task3_opprobust_dev_s33_t1_v3_591cd8e_s16006,50.0,50.0,0.0,0.0,1.0,0.0,0.0,0.0,0.0,0.0,136,0.010459423065185547,0.01113581657409668,0,0,0,0
development,33,1,survival-mask-v3,16007,task3_opprobust_dev_s33_t1_v3_591cd8e_s16007,50.0,50.0,0.0,0.0,1.0,0.0,0.0,0.0,0.0,0.0,133,0.010421514511108398,0.010556221008300781,0,0,0,0
development,33,1,survival-mask-v3,16008,task3_opprobust_dev_s33_t1_v3_591cd8e_s16008,50.0,50.0,0.0,0.0,1.0,0.0,0.0,0.0,0.0,0.0,163,0.010298728942871094,0.01053476333618164,0,0,0,0
development,33,1,survival-mask-v3,16009,task3_opprobust_dev_s33_t1_v3_591cd8e_s16009,50.0,50.0,0.0,0.0,1.0,0.0,0.0,0.0,0.0,0.0,142,0.010285615921020508,0.010752201080322266,0,0,0,0
development,33,1,survival-mask-v3,16010,task3_opprobust_dev_s33_t1_v3_591cd8e_s16010,50.0,50.0,0.0,0.0,1.0,0.0,0.0,0.0,0.0,0.0,131,0.010311603546142578,0.01054835319519043,0,0,0,0
development,33,1,survival-mask-v3,16011,task3_opprobust_dev_s33_t1_v3_591cd8e_s16011,50.0,50.0,0.0,0.0,1.0,0.0,0.0,0.0,0.0,0.0,119,0.010359764099121094,0.011014699935913086,0,0,0,0
development,33,1,survival-mask-v3,16012,task3_opprobust_dev_s33_t1_v3_591cd8e_s16012,50.0,50.0,0.0,0.0,1.0,0.0,0.0,0.0,0.0,0.0,137,0.010524749755859375,0.012441873550415039,0,0,0,0
development,33,1,survival-mask-v3,16013,task3_opprobust_dev_s33_t1_v3_591cd8e_s16013,50.0,50.0,0.0,0.0,1.0,0.0,0.0,0.0,0.0,0.0,130,0.01048898696899414,0.011194944381713867,0,0,0,0
development,33,1,survival-mask-v3,16014,task3_opprobust_dev_s33_t1_v3_591cd8e_s16014,50.0,50.0,0.0,0.0,1.0,0.0,0.0,0.0,0.0,0.0,118,0.010325908660888672,0.010850191116333008,0,0,0,0
development,33,1,survival-mask-v3,16015,task3_opprobust_dev_s33_t1_v3_591cd8e_s16015,50.0,50.0,0.0,0.0,1.0,0.0,0.0,0.0,0.0,0.0,119,0.010419130325317383,0.010588645935058594,0,0,0,0
development,33,1,survival-mask-v3,16016,task3_opprobust_dev_s33_t1_v3_591cd8e_s16016,50.0,50.0,0.0,0.0,1.0,0.0,0.0,0.0,0.0,0.0,131,0.010402917861938477,0.010555505752563477,0,0,0,0
development,33,1,survival-mask-v3,16017,task3_opprobust_dev_s33_t1_v3_591cd8e_s16017,50.0,50.0,0.0,0.0,1.0,0.0,0.0,0.0,0.0,0.0,134,0.010183334350585938,0.010373353958129883,0,0,0,0
development,33,1,survival-mask-v3,16018,task3_opprobust_dev_s33_t1_v3_591cd8e_s16018,50.0,50.0,0.0,0.0,1.0,0.0,0.0,0.0,0.0,0.0,128,0.010275125503540039,0.011289596557617188,0,0,0,0
development,33,1,survival-mask-v3,16019,task3_opprobust_dev_s33_t1_v3_591cd8e_s16019,50.0,50.0,0.0,0.0,1.0,0.0,0.0,0.0,0.0,0.0,132,0.010334968566894531,0.010565042495727539,0,0,0,0
development,33,1,survival-mask-v4,16000,task3_opprobust_dev_s33_t1_v4_591cd8e_s16000,50.0,50.0,0.0,0.0,1.0,0.0,0.0,0.0,0.0,0.0,143,0.011151790618896484,0.02328324317932129,0,0,0,0
development,33,1,survival-mask-v4,16001,task3_opprobust_dev_s33_t1_v4_591cd8e_s16001,50.0,50.0,0.0,0.0,1.0,0.0,0.0,0.0,0.0,0.0,124,0.011376142501831055,0.011828184127807617,0,0,0,0
development,33,1,survival-mask-v4,16002,task3_opprobust_dev_s33_t1_v4_591cd8e_s16002,50.0,50.0,0.0,0.0,1.0,0.0,0.0,0.0,0.0,0.0,121,0.010530233383178711,0.010813474655151367,0,0,0,0
development,33,1,survival-mask-v4,16003,task3_opprobust_dev_s33_t1_v4_591cd8e_s16003,50.0,50.0,0.0,0.0,1.0,0.0,0.0,0.0,0.0,0.0,123,0.010564088821411133,0.012360095977783203,0,0,0,0
development,33,1,survival-mask-v4,16004,task3_opprobust_dev_s33_t1_v4_591cd8e_s16004,50.0,50.0,0.0,0.0,1.0,0.0,0.0,0.0,0.0,0.0,133,0.010975360870361328,0.011649847030639648,0,0,0,0
development,33,1,survival-mask-v4,16005,task3_opprobust_dev_s33_t1_v4_591cd8e_s16005,50.0,50.0,0.0,0.0,1.0,0.0,0.0,0.0,0.0,0.0,125,0.010667562484741211,0.011143207550048828,0,0,0,0
development,33,1,survival-mask-v4,16006,task3_opprobust_dev_s33_t1_v4_591cd8e_s16006,50.0,50.0,0.0,0.0,1.0,0.0,0.0,0.0,0.0,0.0,136,0.010371685028076172,0.01087045669555664,0,0,0,0
development,33,1,survival-mask-v4,16007,task3_opprobust_dev_s33_t1_v4_591cd8e_s16007,50.0,50.0,0.0,0.0,1.0,0.0,0.0,0.0,0.0,0.0,133,0.010329246520996094,0.010584115982055664,0,0,0,0
development,33,1,survival-mask-v4,16008,task3_opprobust_dev_s33_t1_v4_591cd8e_s16008,50.0,50.0,0.0,0.0,1.0,0.0,0.0,0.0,0.0,0.0,163,0.010172128677368164,0.010860204696655273,0,0,0,0
development,33,1,survival-mask-v4,16009,task3_opprobust_dev_s33_t1_v4_591cd8e_s16009,50.0,50.0,0.0,0.0,1.0,0.0,0.0,0.0,0.0,0.0,142,0.010548591613769531,0.011246442794799805,0,0,0,0
development,33,1,survival-mask-v4,16010,task3_opprobust_dev_s33_t1_v4_591cd8e_s16010,50.0,50.0,0.0,0.0,1.0,0.0,0.0,0.0,0.0,0.0,131,0.010351896286010742,0.010752201080322266,0,0,0,0
development,33,1,survival-mask-v4,16011,task3_opprobust_dev_s33_t1_v4_591cd8e_s16011,50.0,50.0,0.0,0.0,1.0,0.0,0.0,0.0,0.0,0.0,119,0.01029825210571289,0.01042628288269043,0,0,0,0
development,33,1,survival-mask-v4,16012,task3_opprobust_dev_s33_t1_v4_591cd8e_s16012,50.0,50.0,0.0,0.0,1.0,0.0,0.0,0.0,0.0,0.0,137,0.010511398315429688,0.010578393936157227,0,0,0,0
development,33,1,survival-mask-v4,16013,task3_opprobust_dev_s33_t1_v4_591cd8e_s16013,50.0,50.0,0.0,0.0,1.0,0.0,0.0,0.0,0.0,0.0,130,0.010396003723144531,0.010492324829101562,0,0,0,0
development,33,1,survival-mask-v4,16014,task3_opprobust_dev_s33_t1_v4_591cd8e_s16014,50.0,50.0,0.0,0.0,1.0,0.0,0.0,0.0,0.0,0.0,118,0.010335445404052734,0.011027097702026367,0,0,0,0
development,33,1,survival-mask-v4,16015,task3_opprobust_dev_s33_t1_v4_591cd8e_s16015,50.0,50.0,0.0,0.0,1.0,0.0,0.0,0.0,0.0,0.0,119,0.01027822494506836,0.01117849349975586,0,0,0,0
development,33,1,survival-mask-v4,16016,task3_opprobust_dev_s33_t1_v4_591cd8e_s16016,50.0,50.0,0.0,0.0,1.0,0.0,0.0,0.0,0.0,0.0,131,0.01031351089477539,0.010530233383178711,0,0,0,0
development,33,1,survival-mask-v4,16017,task3_opprobust_dev_s33_t1_v4_591cd8e_s16017,50.0,50.0,0.0,0.0,1.0,0.0,0.0,0.0,0.0,0.0,134,0.010351896286010742,0.01047825813293457,0,0,0,0
development,33,1,survival-mask-v4,16018,task3_opprobust_dev_s33_t1_v4_591cd8e_s16018,50.0,50.0,0.0,0.0,1.0,0.0,0.0,0.0,0.0,0.0,128,0.01020956039428711,0.010543346405029297,0,0,0,0
development,33,1,survival-mask-v4,16019,task3_opprobust_dev_s33_t1_v4_591cd8e_s16019,50.0,50.0,0.0,0.0,1.0,0.0,0.0,0.0,0.0,0.0,132,0.010397195816040039,0.011088848114013672,0,0,0,0
development,33,2,survival-mask-v3,16000,task3_opprobust_dev_s33_t2_v3_591cd8e_s16000,0.0,0.0,0.0,0.0,0.0,0.0,0.0,0.0,0.0,0.0,400,0.003981590270996094,0.009240150451660156,0,0,0,0
development,33,2,survival-mask-v3,16001,task3_opprobust_dev_s33_t2_v3_591cd8e_s16001,0.0,0.0,0.0,0.0,0.0,0.0,0.0,0.0,0.0,0.0,400,0.003939628601074219,0.00634312629699707,0,0,0,0
development,33,2,survival-mask-v3,16002,task3_opprobust_dev_s33_t2_v3_591cd8e_s16002,8.0,8.0,117.0,0.0,1.0,0.0,0.0,47.0,47.0,0.0,400,0.01620626449584961,0.024474620819091797,0,0,0,0
development,33,2,survival-mask-v3,16003,task3_opprobust_dev_s33_t2_v3_591cd8e_s16003,7.0,7.0,90.0,0.0,1.0,0.0,0.0,50.0,50.0,0.0,400,0.01537942886352539,0.026651859283447266,0,0,0,0
development,33,2,survival-mask-v3,16004,task3_opprobust_dev_s33_t2_v3_591cd8e_s16004,7.0,7.0,100.0,0.0,1.0,0.0,0.0,44.0,44.0,0.0,400,0.014776229858398438,0.023505210876464844,0,0,0,0
development,33,2,survival-mask-v3,16005,task3_opprobust_dev_s33_t2_v3_591cd8e_s16005,0.0,0.0,0.0,0.0,0.0,0.0,0.0,0.0,0.0,0.0,400,0.0036628246307373047,0.004477739334106445,0,0,0,0
development,33,2,survival-mask-v3,16006,task3_opprobust_dev_s33_t2_v3_591cd8e_s16006,0.0,0.0,0.0,0.0,0.0,0.0,0.0,0.0,0.0,0.0,400,0.0037527084350585938,0.004903078079223633,0,0,0,0
development,33,2,survival-mask-v3,16007,task3_opprobust_dev_s33_t2_v3_591cd8e_s16007,0.0,0.0,0.0,0.0,0.0,0.0,0.0,0.0,0.0,0.0,400,0.0035240650177001953,0.0044133663177490234,0,0,0,0
development,33,2,survival-mask-v3,16008,task3_opprobust_dev_s33_t2_v3_591cd8e_s16008,0.0,0.0,0.0,0.0,0.0,0.0,0.0,0.0,0.0,0.0,400,0.0034627914428710938,0.004339694976806641,0,0,0,0
development,33,2,survival-mask-v3,16009,task3_opprobust_dev_s33_t2_v3_591cd8e_s16009,5.0,5.0,78.0,0.0,1.0,0.0,0.0,27.0,27.0,0.0,400,0.012435197830200195,0.022943496704101562,0,0,0,0
development,33,2,survival-mask-v3,16010,task3_opprobust_dev_s33_t2_v3_591cd8e_s16010,0.0,0.0,0.0,0.0,0.0,0.0,0.0,0.0,0.0,0.0,400,0.003567218780517578,0.0041408538818359375,0,0,0,0
development,33,2,survival-mask-v3,16011,task3_opprobust_dev_s33_t2_v3_591cd8e_s16011,0.0,0.0,0.0,0.0,0.0,0.0,0.0,0.0,0.0,0.0,400,0.0034406185150146484,0.003632783889770508,0,0,0,0
development,33,2,survival-mask-v3,16012,task3_opprobust_dev_s33_t2_v3_591cd8e_s16012,0.0,0.0,0.0,0.0,0.0,0.0,0.0,0.0,0.0,0.0,400,0.0034236907958984375,0.0036089420318603516,0,0,0,0
development,33,2,survival-mask-v3,16013,task3_opprobust_dev_s33_t2_v3_591cd8e_s16013,0.0,0.0,0.0,0.0,0.0,0.0,0.0,0.0,0.0,0.0,400,0.0034325122833251953,0.004805326461791992,0,0,0,0
development,33,2,survival-mask-v3,16014,task3_opprobust_dev_s33_t2_v3_591cd8e_s16014,0.0,0.0,0.0,0.0,0.0,0.0,0.0,0.0,0.0,0.0,400,0.003483295440673828,0.0049211978912353516,0,0,0,0
development,33,2,survival-mask-v3,16015,task3_opprobust_dev_s33_t2_v3_591cd8e_s16015,7.0,7.0,84.0,0.0,1.0,0.0,0.0,49.0,49.0,0.0,400,0.014062881469726562,0.022008895874023438,0,0,0,0
development,33,2,survival-mask-v3,16016,task3_opprobust_dev_s33_t2_v3_591cd8e_s16016,0.0,0.0,0.0,0.0,0.0,0.0,0.0,0.0,0.0,0.0,400,0.003482818603515625,0.004545450210571289,0,0,0,0
development,33,2,survival-mask-v3,16017,task3_opprobust_dev_s33_t2_v3_591cd8e_s16017,7.0,7.0,95.0,0.0,1.0,0.0,0.0,51.0,51.0,0.0,400,0.01306772232055664,0.020751953125,0,0,0,0
development,33,2,survival-mask-v3,16018,task3_opprobust_dev_s33_t2_v3_591cd8e_s16018,5.0,5.0,91.0,0.0,1.0,0.0,0.0,34.0,34.0,0.0,400,0.012742280960083008,0.023838520050048828,0,0,0,0
development,33,2,survival-mask-v3,16019,task3_opprobust_dev_s33_t2_v3_591cd8e_s16019,9.0,9.0,110.0,0.0,1.0,0.0,0.0,40.0,40.0,0.0,400,0.013868093490600586,0.02127528190612793,0,0,0,0
development,33,2,survival-mask-v4,16000,task3_opprobust_dev_s33_t2_v4_591cd8e_s16000,0.0,0.0,0.0,0.0,0.0,0.0,0.0,0.0,0.0,0.0,400,0.0038449764251708984,0.00858926773071289,0,0,0,0
development,33,2,survival-mask-v4,16001,task3_opprobust_dev_s33_t2_v4_591cd8e_s16001,0.0,0.0,0.0,0.0,0.0,0.0,0.0,0.0,0.0,0.0,400,0.003871917724609375,0.0059549808502197266,0,0,0,0
development,33,2,survival-mask-v4,16002,task3_opprobust_dev_s33_t2_v4_591cd8e_s16002,8.0,8.0,117.0,0.0,1.0,0.0,0.0,47.0,47.0,0.0,400,0.018871784210205078,0.028062820434570312,0,0,0,767
development,33,2,survival-mask-v4,16003,task3_opprobust_dev_s33_t2_v4_591cd8e_s16003,7.0,7.0,90.0,0.0,1.0,0.0,0.0,50.0,50.0,0.0,400,0.01736903190612793,0.030267715454101562,0,0,0,759
development,33,2,survival-mask-v4,16004,task3_opprobust_dev_s33_t2_v4_591cd8e_s16004,7.0,7.0,100.0,0.0,1.0,0.0,0.0,44.0,44.0,0.0,400,0.017060041427612305,0.027671098709106445,0,0,0,697
development,33,2,survival-mask-v4,16005,task3_opprobust_dev_s33_t2_v4_591cd8e_s16005,0.0,0.0,0.0,0.0,0.0,0.0,0.0,0.0,0.0,0.0,400,0.003741025924682617,0.004504203796386719,0,0,0,0
development,33,2,survival-mask-v4,16006,task3_opprobust_dev_s33_t2_v4_591cd8e_s16006,0.0,0.0,0.0,0.0,0.0,0.0,0.0,0.0,0.0,0.0,400,0.003788471221923828,0.00467991828918457,0,0,0,0
development,33,2,survival-mask-v4,16007,task3_opprobust_dev_s33_t2_v4_591cd8e_s16007,0.0,0.0,0.0,0.0,0.0,0.0,0.0,0.0,0.0,0.0,400,0.0033991336822509766,0.004771232604980469,0,0,0,0
development,33,2,survival-mask-v4,16008,task3_opprobust_dev_s33_t2_v4_591cd8e_s16008,0.0,0.0,0.0,0.0,0.0,0.0,0.0,0.0,0.0,0.0,400,0.003553628921508789,0.005544900894165039,0,0,0,0
development,33,2,survival-mask-v4,16009,task3_opprobust_dev_s33_t2_v4_591cd8e_s16009,5.0,5.0,78.0,0.0,1.0,0.0,0.0,27.0,27.0,0.0,400,0.014141559600830078,0.02620410919189453,0,0,0,482
development,33,2,survival-mask-v4,16010,task3_opprobust_dev_s33_t2_v4_591cd8e_s16010,0.0,0.0,0.0,0.0,0.0,0.0,0.0,0.0,0.0,0.0,400,0.0034079551696777344,0.004830598831176758,0,0,0,0
development,33,2,survival-mask-v4,16011,task3_opprobust_dev_s33_t2_v4_591cd8e_s16011,0.0,0.0,0.0,0.0,0.0,0.0,0.0,0.0,0.0,0.0,400,0.003393411636352539,0.004837512969970703,0,0,0,0
development,33,2,survival-mask-v4,16012,task3_opprobust_dev_s33_t2_v4_591cd8e_s16012,0.0,0.0,0.0,0.0,0.0,0.0,0.0,0.0,0.0,0.0,400,0.003427743911743164,0.0037763118743896484,0,0,0,0
development,33,2,survival-mask-v4,16013,task3_opprobust_dev_s33_t2_v4_591cd8e_s16013,0.0,0.0,0.0,0.0,0.0,0.0,0.0,0.0,0.0,0.0,400,0.0033960342407226562,0.005481719970703125,0,0,0,0
development,33,2,survival-mask-v4,16014,task3_opprobust_dev_s33_t2_v4_591cd8e_s16014,0.0,0.0,0.0,0.0,0.0,0.0,0.0,0.0,0.0,0.0,400,0.00339508056640625,0.0037908554077148438,0,0,0,0
development,33,2,survival-mask-v4,16015,task3_opprobust_dev_s33_t2_v4_591cd8e_s16015,7.0,7.0,84.0,0.0,1.0,0.0,0.0,49.0,49.0,0.0,400,0.016155004501342773,0.0262298583984375,0,0,0,751
development,33,2,survival-mask-v4,16016,task3_opprobust_dev_s33_t2_v4_591cd8e_s16016,0.0,0.0,0.0,0.0,0.0,0.0,0.0,0.0,0.0,0.0,400,0.0035619735717773438,0.004591941833496094,0,0,0,0
development,33,2,survival-mask-v4,16017,task3_opprobust_dev_s33_t2_v4_591cd8e_s16017,7.0,7.0,95.0,0.0,1.0,0.0,0.0,51.0,51.0,0.0,400,0.014919757843017578,0.023897171020507812,0,0,0,745
development,33,2,survival-mask-v4,16018,task3_opprobust_dev_s33_t2_v4_591cd8e_s16018,5.0,5.0,91.0,0.0,1.0,0.0,0.0,34.0,34.0,0.0,400,0.014448404312133789,0.026841402053833008,0,0,0,515
development,33,2,survival-mask-v4,16019,task3_opprobust_dev_s33_t2_v4_591cd8e_s16019,9.0,9.0,110.0,0.0,1.0,0.0,0.0,40.0,40.0,0.0,400,0.015800952911376953,0.024976253509521484,0,0,0,644
development,33,3,survival-mask-v3,16000,task3_opprobust_dev_s33_t3_v3_591cd8e_s16000,2.0,2.0,17.0,0.0,0.0,0.0,0.0,23.0,23.0,0.0,400,0.01332712173461914,0.026346206665039062,0,0,0,0
development,33,3,survival-mask-v3,16001,task3_opprobust_dev_s33_t3_v3_591cd8e_s16001,4.0,4.0,46.0,0.0,0.0,0.0,0.0,33.0,33.0,0.0,400,0.015390157699584961,0.025345802307128906,0,0,0,0
development,33,3,survival-mask-v3,16002,task3_opprobust_dev_s33_t3_v3_591cd8e_s16002,2.0,2.0,47.0,0.0,0.0,0.0,1.0,19.0,18.0,1.0,190,0.015268325805664062,0.022574901580810547,1,0,0,0
development,33,3,survival-mask-v3,16003,task3_opprobust_dev_s33_t3_v3_591cd8e_s16003,5.0,5.0,53.0,0.0,0.0,0.0,0.0,42.0,42.0,0.0,400,0.016036510467529297,0.025593280792236328,0,0,0,0
development,33,3,survival-mask-v3,16004,task3_opprobust_dev_s33_t3_v3_591cd8e_s16004,1.0,1.0,24.0,0.0,0.0,0.0,1.0,13.0,12.0,1.0,97,0.014126062393188477,0.018613338470458984,1,0,0,0
development,33,3,survival-mask-v3,16005,task3_opprobust_dev_s33_t3_v3_591cd8e_s16005,0.0,0.0,14.0,0.0,0.0,0.0,0.0,18.0,18.0,0.0,400,0.013559103012084961,0.025367259979248047,0,0,0,0
development,33,3,survival-mask-v3,16006,task3_opprobust_dev_s33_t3_v3_591cd8e_s16006,7.0,7.0,61.0,0.0,1.0,0.0,0.0,37.0,37.0,0.0,400,0.014285087585449219,0.024755477905273438,0,0,0,0
development,33,3,survival-mask-v3,16007,task3_opprobust_dev_s33_t3_v3_591cd8e_s16007,1.0,1.0,3.0,0.0,0.0,0.0,1.0,3.0,2.0,0.0,314,0.00650787353515625,0.021271705627441406,1,0,0,0
development,33,3,survival-mask-v3,16008,task3_opprobust_dev_s33_t3_v3_591cd8e_s16008,1.0,1.0,6.0,0.0,0.0,0.0,0.0,12.0,12.0,1.0,400,0.013141870498657227,0.02595996856689453,0,0,0,0
development,33,3,survival-mask-v3,16009,task3_opprobust_dev_s33_t3_v3_591cd8e_s16009,6.0,6.0,47.0,0.0,1.0,0.0,0.0,50.0,50.0,0.0,400,0.015559196472167969,0.02501702308654785,0,0,0,0
development,33,3,survival-mask-v3,16010,task3_opprobust_dev_s33_t3_v3_591cd8e_s16010,1.0,1.0,8.0,0.0,0.0,0.0,0.0,24.0,24.0,0.0,400,0.012867927551269531,0.019362688064575195,0,0,0,0
development,33,3,survival-mask-v3,16011,task3_opprobust_dev_s33_t3_v3_591cd8e_s16011,3.0,3.0,19.0,0.0,0.0,0.0,0.0,28.0,28.0,0.0,400,0.015234231948852539,0.02395319938659668,0,0,0,0
development,33,3,survival-mask-v3,16012,task3_opprobust_dev_s33_t3_v3_591cd8e_s16012,3.0,3.0,15.0,0.0,0.0,0.0,1.0,11.0,10.0,0.0,313,0.012946367263793945,0.024385690689086914,1,0,0,0
development,33,3,survival-mask-v3,16013,task3_opprobust_dev_s33_t3_v3_591cd8e_s16013,0.0,0.0,10.0,0.0,0.0,0.0,0.0,18.0,18.0,0.0,400,0.010847806930541992,0.021195650100708008,0,0,0,0
development,33,3,survival-mask-v3,16014,task3_opprobust_dev_s33_t3_v3_591cd8e_s16014,1.0,1.0,2.0,0.0,0.0,0.0,0.0,8.0,8.0,0.0,400,0.01029825210571289,0.022010326385498047,0,0,0,0
development,33,3,survival-mask-v3,16015,task3_opprobust_dev_s33_t3_v3_591cd8e_s16015,4.0,4.0,36.0,0.0,0.0,0.0,0.0,48.0,48.0,0.0,400,0.017157316207885742,0.025146961212158203,0,0,0,0
development,33,3,survival-mask-v3,16016,task3_opprobust_dev_s33_t3_v3_591cd8e_s16016,0.0,0.0,4.0,0.0,0.0,0.0,1.0,4.0,3.0,0.0,234,0.00837254524230957,0.013443946838378906,1,0,0,0
development,33,3,survival-mask-v3,16017,task3_opprobust_dev_s33_t3_v3_591cd8e_s16017,5.0,5.0,53.0,0.0,0.0,0.0,0.0,50.0,50.0,0.0,400,0.022504806518554688,0.027251005172729492,0,0,0,0
development,33,3,survival-mask-v3,16018,task3_opprobust_dev_s33_t3_v3_591cd8e_s16018,13.0,8.0,57.0,1.0,1.0,0.0,0.0,20.0,19.0,1.0,184,0.017111778259277344,0.02574300765991211,1,0,0,0
development,33,3,survival-mask-v3,16019,task3_opprobust_dev_s33_t3_v3_591cd8e_s16019,3.0,3.0,56.0,0.0,0.0,0.0,0.0,44.0,44.0,0.0,400,0.0169217586517334,0.025794029235839844,0,0,0,0
development,33,3,survival-mask-v4,16000,task3_opprobust_dev_s33_t3_v4_591cd8e_s16000,2.0,2.0,17.0,0.0,0.0,0.0,0.0,23.0,23.0,0.0,400,0.04388165473937988,0.10955286026000977,0,0,0,5078
development,33,3,survival-mask-v4,16001,task3_opprobust_dev_s33_t3_v4_591cd8e_s16001,4.0,4.0,46.0,0.0,0.0,0.0,0.0,33.0,33.0,0.0,400,0.03533148765563965,0.0730888843536377,0,0,0,4989
development,33,3,survival-mask-v4,16002,task3_opprobust_dev_s33_t3_v4_591cd8e_s16002,2.0,2.0,47.0,0.0,0.0,0.0,1.0,19.0,18.0,1.0,190,0.040009498596191406,0.05723834037780762,1,0,1,3428
development,33,3,survival-mask-v4,16003,task3_opprobust_dev_s33_t3_v4_591cd8e_s16003,5.0,5.0,53.0,0.0,0.0,0.0,0.0,42.0,42.0,0.0,400,0.02722311019897461,0.04543638229370117,0,0,0,3594
development,33,3,survival-mask-v4,16004,task3_opprobust_dev_s33_t3_v4_591cd8e_s16004,1.0,1.0,24.0,0.0,0.0,0.0,1.0,13.0,12.0,1.0,97,0.041940927505493164,0.06508946418762207,1,0,1,2233
development,33,3,survival-mask-v4,16005,task3_opprobust_dev_s33_t3_v4_591cd8e_s16005,0.0,0.0,14.0,0.0,0.0,0.0,0.0,18.0,18.0,0.0,400,0.042668819427490234,0.11696004867553711,0,0,0,4318
development,33,3,survival-mask-v4,16006,task3_opprobust_dev_s33_t3_v4_591cd8e_s16006,7.0,7.0,61.0,0.0,1.0,0.0,0.0,37.0,37.0,0.0,400,0.026257991790771484,0.0711522102355957,0,0,0,3877
development,33,3,survival-mask-v4,16007,task3_opprobust_dev_s33_t3_v4_591cd8e_s16007,1.0,1.0,3.0,0.0,0.0,0.0,1.0,3.0,2.0,0.0,314,0.007737159729003906,0.01631641387939453,1,0,1,147
development,33,3,survival-mask-v4,16008,task3_opprobust_dev_s33_t3_v4_591cd8e_s16008,1.0,1.0,6.0,0.0,0.0,0.0,0.0,12.0,12.0,1.0,400,0.029470443725585938,0.07790732383728027,0,0,0,2451
development,33,3,survival-mask-v4,16009,task3_opprobust_dev_s33_t3_v4_591cd8e_s16009,6.0,6.0,52.0,0.0,1.0,0.0,0.0,50.0,50.0,0.0,400,0.06916332244873047,0.1377711296081543,0,1,0,15971
development,33,3,survival-mask-v4,16010,task3_opprobust_dev_s33_t3_v4_591cd8e_s16010,1.0,1.0,8.0,0.0,0.0,0.0,0.0,24.0,24.0,0.0,400,0.03056192398071289,0.08717131614685059,0,0,0,3430
development,33,3,survival-mask-v4,16011,task3_opprobust_dev_s33_t3_v4_591cd8e_s16011,2.0,2.0,14.0,0.0,0.0,0.0,0.0,16.0,16.0,0.0,400,0.024982452392578125,0.0615389347076416,0,1,0,2876
development,33,3,survival-mask-v4,16012,task3_opprobust_dev_s33_t3_v4_591cd8e_s16012,3.0,3.0,15.0,0.0,0.0,0.0,1.0,11.0,10.0,0.0,313,0.04518485069274902,0.10261654853820801,1,0,2,3187
development,33,3,survival-mask-v4,16013,task3_opprobust_dev_s33_t3_v4_591cd8e_s16013,0.0,0.0,4.0,0.0,0.0,0.0,0.0,13.0,13.0,0.0,400,0.015990495681762695,0.03246927261352539,0,1,0,899
development,33,3,survival-mask-v4,16014,task3_opprobust_dev_s33_t3_v4_591cd8e_s16014,1.0,1.0,2.0,0.0,0.0,0.0,0.0,8.0,8.0,0.0,400,0.01524972915649414,0.03691601753234863,0,0,0,857
development,33,3,survival-mask-v4,16015,task3_opprobust_dev_s33_t3_v4_591cd8e_s16015,4.0,4.0,36.0,0.0,0.0,0.0,0.0,39.0,39.0,0.0,400,0.03624868392944336,0.08434009552001953,0,0,0,6160
development,33,3,survival-mask-v4,16016,task3_opprobust_dev_s33_t3_v4_591cd8e_s16016,0.0,0.0,13.0,0.0,0.0,0.0,0.0,20.0,20.0,0.0,400,0.02031540870666504,0.043090105056762695,0,0,0,1592
development,33,3,survival-mask-v4,16017,task3_opprobust_dev_s33_t3_v4_591cd8e_s16017,5.0,5.0,53.0,0.0,0.0,0.0,0.0,50.0,50.0,0.0,400,0.046843528747558594,0.08793044090270996,0,0,1,6752
development,33,3,survival-mask-v4,16018,task3_opprobust_dev_s33_t3_v4_591cd8e_s16018,13.0,8.0,57.0,1.0,1.0,0.0,0.0,20.0,19.0,1.0,184,0.040129661560058594,0.07719159126281738,1,0,1,3100
development,33,3,survival-mask-v4,16019,task3_opprobust_dev_s33_t3_v4_591cd8e_s16019,3.0,3.0,56.0,0.0,0.0,0.0,0.0,44.0,44.0,0.0,400,0.032494544982910156,0.06185102462768555,0,0,0,4357
